keyword,keywordType,avgSentiment,totalRT,totalFav,totalPop,topTweet,topRT,topFav,topPop,,,,,,,,,,
love,OTHER,0.104166671,70731,69143,70173,I'm backstage and this is my first tweet from my iPhone 6. It's amazing. You're going to love it.,27708,23291,26162,26/06/2015,10/04/2015,27/03/2015,24/02/2015,11/11/2014,17/10/2014,09/09/2014,,,
Apple,OTHER,4.92E-07,36063,45675,39422,Apple is open for everyone. We are deeply disappointed in Indiana's new law and calling on Arkansas Gov. to veto the similar #HB1228.,15074,17678,15985,17/06/2015,27/03/2015,09/03/2015,17/02/2015,16/12/2014,01/12/2014,09/09/2014,15/08/2014,05/08/2014,16/07/2014
great,OTHER,0.25500001,31563,28414,30459,"Remembering Steve, who would have turned 60 today. ""The only way to do great work is to love what you do."" http://t.co/0YD0gZ7jvm",23923,19376,22331,15/04/2015,24/02/2015,19/09/2014,12/08/2014,,,,,,
amazing,OTHER,0.330750008,30542,27143,29351,I'm backstage and this is my first tweet from my iPhone 6. It's amazing. You're going to love it.,27708,23291,26162,02/03/2015,09/01/2015,09/09/2014,05/08/2014,,,,,,
great day,OTHER,0.600000009,31614,20230,27628,Looking forward to a great day in Cupertino! Join us at 10am Pacific. #AppleLive,15807,10115,13814,09/09/2014,09/09/2014,,,,,,,,
Steve,OTHER,0,23923,19376,22331,"Remembering Steve, who would have turned 60 today. ""The only way to do great work is to love what you do."" http://t.co/0YD0gZ7jvm",23923,19376,22331,24/02/2015,,,,,,,,,
"""The only way to do great work is to love what you do.""",OTHER,0.600000024,23923,19376,22331,"Remembering Steve, who would have turned 60 today. ""The only way to do great work is to love what you do."" http://t.co/0YD0gZ7jvm",23923,19376,22331,24/02/2015,,,,,,,,,
http://t.co/0YD0gZ7jvm,LINK,0,23923,19376,22331,"Remembering Steve, who would have turned 60 today. ""The only way to do great work is to love what you do."" http://t.co/0YD0gZ7jvm",23923,19376,22331,24/02/2015,,,,,,,,,
great work,OTHER,0.600000024,23923,19376,22331,"Remembering Steve, who would have turned 60 today. ""The only way to do great work is to love what you do."" http://t.co/0YD0gZ7jvm",23923,19376,22331,24/02/2015,,,,,,,,,
Indiana,OTHER,-0.259849995,15074,17678,15985,Apple is open for everyone. We are deeply disappointed in Indiana's new law and calling on Arkansas Gov. to veto the similar #HB1228.,15074,17678,15985,27/03/2015,,,,,,,,,
disappointed,OTHER,-0.926100016,15074,17678,15985,Apple is open for everyone. We are deeply disappointed in Indiana's new law and calling on Arkansas Gov. to veto the similar #HB1228.,15074,17678,15985,27/03/2015,,,,,,,,,
Gov.,OTHER,-0.259849995,15074,17678,15985,Apple is open for everyone. We are deeply disappointed in Indiana's new law and calling on Arkansas Gov. to veto the similar #HB1228.,15074,17678,15985,27/03/2015,,,,,,,,,
#HB1228,HASHTAG,-0.259849995,15074,17678,15985,Apple is open for everyone. We are deeply disappointed in Indiana's new law and calling on Arkansas Gov. to veto the similar #HB1228.,15074,17678,15985,27/03/2015,,,,,,,,,
new law,OTHER,-0.259849995,15074,17678,15985,Apple is open for everyone. We are deeply disappointed in Indiana's new law and calling on Arkansas Gov. to veto the similar #HB1228.,15074,17678,15985,27/03/2015,,,,,,,,,
#AppleLive,HASHTAG,0,15807,10115,13814,Looking forward to a great day in Cupertino! Join us at 10am Pacific. #AppleLive,15807,10115,13814,09/09/2014,,,,,,,,,
�The people who are crazy enough to think they can change the world are the ones who do.�,OTHER,-0.5,12457,12642,12521,�The people who are crazy enough to think they can change the world are the ones who do.�,12457,12642,12521,26/06/2015,,,,,,,,,
crazy,OTHER,-0.5,12457,12642,12521,�The people who are crazy enough to think they can change the world are the ones who do.�,12457,12642,12521,26/06/2015,,,,,,,,,
Amazing,OTHER,0.49000001,15288,5502,11862,Amazing to see the excited crowds today in Paris to preview Apple Watch for the first time at @coletteparis http://t.co/YTqzbqSGhC,13103,1971,9206,30/09/2014,25/06/2014,,,,,,,,
Special Event,OTHER,0.541502506,12922,9612,11762,Apple - Live - Countdown to the Apple Special Event.  Wish I could say more.  I hope you can join us. http://t.co/2Iudkgv8NW,6461,4806,5881,04/09/2014,04/09/2014,,,,,,,,
first time,OTHER,0.152429,14639,4736,11172,Amazing to see the excited crowds today in Paris to preview Apple Watch for the first time at @coletteparis http://t.co/YTqzbqSGhC,13103,1971,9206,10/04/2015,30/09/2014,,,,,,,,
inspires,OTHER,0.171000007,8516,11399,9522,Congrats to 5000 Apple employees/families who attended today's Pride parade.Inclusion inspires innovation.#applepride http://t.co/4DncX8F6fO,4258,5083,4546,17/02/2015,19/11/2014,20/09/2014,08/07/2014,29/06/2014,,,,,
http://t.co/QJTkCuZVdo,LINK,0,10393,7635,9427,There's something very dangerous happening in states across the country.    http://t.co/QJTkCuZVdo,10393,7635,9427,30/03/2015,,,,,,,,,
dangerous,OTHER,-0.872200012,10393,7635,9427,There's something very dangerous happening in states across the country.    http://t.co/QJTkCuZVdo,10393,7635,9427,30/03/2015,,,,,,,,,
excited crowds today,OTHER,0.400000006,13103,1971,9206,Amazing to see the excited crowds today in Paris to preview Apple Watch for the first time at @coletteparis http://t.co/YTqzbqSGhC,13103,1971,9206,30/09/2014,,,,,,,,,
coletteparis,OTHER,0.27621451,13103,1971,9206,Amazing to see the excited crowds today in Paris to preview Apple Watch for the first time at @coletteparis http://t.co/YTqzbqSGhC,13103,1971,9206,30/09/2014,,,,,,,,,
http://t.co/YTqzbqSGhC,LINK,0,13103,1971,9206,Amazing to see the excited crowds today in Paris to preview Apple Watch for the first time at @coletteparis http://t.co/YTqzbqSGhC,13103,1971,9206,30/09/2014,,,,,,,,,
Paris,OTHER,0.27621451,13103,1971,9206,Amazing to see the excited crowds today in Paris to preview Apple Watch for the first time at @coletteparis http://t.co/YTqzbqSGhC,13103,1971,9206,30/09/2014,,,,,,,,,
excited,OTHER,0.400000006,13103,1971,9206,Amazing to see the excited crowds today in Paris to preview Apple Watch for the first time at @coletteparis http://t.co/YTqzbqSGhC,13103,1971,9206,30/09/2014,,,,,,,,,
#WWDC15,HASHTAG,0,8365,10716,9187,"Rise and shine, developers! #WWDC15",7053,7702,7280,08/06/2015,08/06/2015,,,,,,,,
#Apple,HASHTAG,0,9982,7370,9067,"Sharing a laugh with Jimmy, Dre, and @cue. Excited to welcome the #Beats team to #Apple. It's all about the music. http://t.co/ZwyWgHFwhO",6302,4474,5662,16/07/2014,28/05/2014,,,,,,,,
perseverance,OTHER,0.600000024,8035,10743,8982,"Today marks a victory for equality, perseverance and love.",8035,10743,8982,26/06/2015,,,,,,,,,
victory,OTHER,0.75,8035,10743,8982,"Today marks a victory for equality, perseverance and love.",8035,10743,8982,26/06/2015,,,,,,,,,
innovation,OTHER,0.204166671,7926,10112,8689,Congrats to 5000 Apple employees/families who attended today's Pride parade.Inclusion inspires innovation.#applepride http://t.co/4DncX8F6fO,4258,5083,4546,19/11/2014,20/09/2014,08/07/2014,29/06/2014,,,,,,
http://t.co/2Iudkgv8NW,LINK,0,9291,7024,8496,Apple - Live - Countdown to the Apple Special Event.  Wish I could say more.  I hope you can join us. http://t.co/2Iudkgv8NW,6461,4806,5881,16/10/2014,04/09/2014,,,,,,,,
amazing team,OTHER,0.275000006,7582,7882,7686,Congratulations to this amazing team at the new Apple Store Puerta del Sol in Madrid. Our 101st store in Europe! http://t.co/QFr0GNV9FS,1956,2482,2140,23/06/2014,23/06/2014,12/06/2014,12/06/2014,,,,,,
laugh,OTHER,0.49000001,8031,6607,7532,"Sharing a laugh with Jimmy, Dre, and @cue. Excited to welcome the #Beats team to #Apple. It's all about the music. http://t.co/ZwyWgHFwhO",6302,4474,5662,16/10/2014,28/05/2014,,,,,,,,
Congratulations,OTHER,0.196527778,6564,8781,7337,Congratulations to this amazing team at the new Apple Store Puerta del Sol in Madrid. Our 101st store in Europe! http://t.co/QFr0GNV9FS,1956,2482,2140,17/05/2015,25/01/2015,23/01/2015,02/11/2014,23/06/2014,12/06/2014,,,,
SJ,OTHER,0.122500003,6655,7838,7069,"Remembering SJ, ""You have to trust in something � your gut, destiny, life, karma, whatever.""",5029,4632,4890,05/10/2014,05/10/2014,,,,,,,,
talented team,OTHER,0.699999988,5184,10298,6972,A huge thank you to the talented team at Apple who make days like this possible. It's a privilege to work along side of you.,2592,5149,3486,09/03/2015,09/03/2015,,,,,,,,
Robin Williams,OTHER,-0.147175014,7025,6730,6921,Heartbroken by the news of Robin Williams' passing. He was an incomparable talent and a great human being. Rest in peace.,4462,4382,4434,13/08/2014,12/08/2014,,,,,,,,
extra rest,OTHER,0,6146,8148,6846,Got some extra rest for today's event. Slept in 'til 4:30.,6146,8148,6846,09/03/2015,,,,,,,,,
#Beats,HASHTAG,0.245000005,7375,5517,6724,"Sharing a laugh with Jimmy, Dre, and @cue. Excited to welcome the #Beats team to #Apple. It's all about the music. http://t.co/ZwyWgHFwhO",6302,4474,5662,11/06/2014,28/05/2014,,,,,,,,
hope,OTHER,0.49000001,6461,4806,5881,Apple - Live - Countdown to the Apple Special Event.  Wish I could say more.  I hope you can join us. http://t.co/2Iudkgv8NW,6461,4806,5881,04/09/2014,,,,,,,,,
Thrilled,OTHER,0.400000016,4727,7624,5739,Thrilled to see so many customers�all around the world�trying Apple Watch for the first time.You're going to love it! http://t.co/Mx3M0DO4Qf,1536,2765,1966,10/04/2015,06/06/2014,02/06/2014,,,,,,,
cue,OTHER,0,6302,4474,5662,"Sharing a laugh with Jimmy, Dre, and @cue. Excited to welcome the #Beats team to #Apple. It's all about the music. http://t.co/ZwyWgHFwhO",6302,4474,5662,28/05/2014,,,,,,,,,
http://t.co/ZwyWgHFwhO,LINK,0,6302,4474,5662,"Sharing a laugh with Jimmy, Dre, and @cue. Excited to welcome the #Beats team to #Apple. It's all about the music. http://t.co/ZwyWgHFwhO",6302,4474,5662,28/05/2014,,,,,,,,,
Excited,OTHER,0.400000006,6302,4474,5662,"Sharing a laugh with Jimmy, Dre, and @cue. Excited to welcome the #Beats team to #Apple. It's all about the music. http://t.co/ZwyWgHFwhO",6302,4474,5662,28/05/2014,,,,,,,,,
Heartbroken,OTHER,-0.672000051,5406,6015,5619,Heartbroken by the news of Robin Williams' passing. He was an incomparable talent and a great human being. Rest in peace.,4462,4382,4434,15/05/2015,12/08/2014,,,,,,,,
"""You have to trust in something � your gut destiny life karma whatever.""",OTHER,0.49000001,5029,4632,4890,"Remembering SJ, ""You have to trust in something � your gut, destiny, life, karma, whatever.""",5029,4632,4890,05/10/2014,,,,,,,,,
trust,OTHER,0.49000001,5029,4632,4890,"Remembering SJ, ""You have to trust in something � your gut, destiny, life, karma, whatever.""",5029,4632,4890,05/10/2014,,,,,,,,,
peace,OTHER,0.504700005,4825,4914,4856,Heartbroken by the news of Robin Williams' passing. He was an incomparable talent and a great human being. Rest in peace.,4462,4382,4434,12/08/2014,09/08/2014,,,,,,,,
#applepride,HASHTAG,0.400000016,3522,7229,4818,"Great to celebrate with over 8,000 Apple employees, friends and families. Happy Pride everyone! #applepride http://t.co/2A9YD9z95B",1368,2913,1908,29/06/2015,20/09/2014,20/09/2014,,,,,,,
Austin,OTHER,0.566523493,4483,5373,4793,"Watching the Mac Pro come together in Austin yesterday,thanks to a team loaded with American manufacturing expertise. http://t.co/5LcCOFIVgC",2923,3016,2955,06/06/2014,06/06/2014,,,,,,,,
best,OTHER,0.326666673,4140,5952,4772,"Remembering Abraham Lincoln on #PresidentsDay, ""The best way to predict the future is to create it.""",2158,2679,2340,16/02/2015,03/08/2014,06/06/2014,,,,,,,
fight,OTHER,-0.266666671,4080,5885,4710,"Honoring those who marched 50 years ago, and those who continue the fight for justice and equality today. #Selma50",1460,2341,1768,25/05/2015,07/03/2015,24/11/2014,,,,,,,
winners,OTHER,0.367959788,3750,6411,4679,"Thrilled to meet many talented developers, especially these winners of our student scholarship program. Enjoy #WWDC! http://t.co/2uVvc9vHnT",1631,2502,1935,08/06/2015,14/06/2014,02/06/2014,,,,,,,
#UnityRally,HASHTAG,0.676666707,4446,4922,4612,Marching in spirit with my friends in France in the march against terror at the #UnityRally. An attack on one is an attack on all.,2223,2461,2306,11/01/2015,11/01/2015,,,,,,,,
http://t.co/4DncX8F6fO,LINK,0,4258,5083,4546,Congrats to 5000 Apple employees/families who attended today's Pride parade.Inclusion inspires innovation.#applepride http://t.co/4DncX8F6fO,4258,5083,4546,29/06/2014,,,,,,,,,
attended today,OTHER,0.272500008,4258,5083,4546,Congrats to 5000 Apple employees/families who attended today's Pride parade.Inclusion inspires innovation.#applepride http://t.co/4DncX8F6fO,4258,5083,4546,29/06/2014,,,,,,,,,
talent,OTHER,0.531299949,4462,4382,4434,Heartbroken by the news of Robin Williams' passing. He was an incomparable talent and a great human being. Rest in peace.,4462,4382,4434,12/08/2014,,,,,,,,,
great human,OTHER,0.600000024,4462,4382,4434,Heartbroken by the news of Robin Williams' passing. He was an incomparable talent and a great human being. Rest in peace.,4462,4382,4434,12/08/2014,,,,,,,,,
incomparable talent,OTHER,0.265649974,4462,4382,4434,Heartbroken by the news of Robin Williams' passing. He was an incomparable talent and a great human being. Rest in peace.,4462,4382,4434,12/08/2014,,,,,,,,,
talented people,OTHER,0.699999988,3538,5844,4344,"Great to meet talented people like Zhang Fan, who helps make iPhone 6 in Zhengzhou. An early highlight of this trip. http://t.co/ALo5d3SiSZ",1769,2922,2172,23/10/2014,23/10/2014,,,,,,,,
huge,OTHER,0.200000003,3440,5993,4332,A huge thank you to the talented team at Apple who make days like this possible. It's a privilege to work along side of you.,2592,5149,3486,09/03/2015,06/08/2014,,,,,,,,
honor,OTHER,0.531316638,3660,5484,4298,My thoughts are with the victim's families in SC.Let us honor their lives by eradicating racism &amp; removing the symbols &amp; words that feed it.,2362,3568,2784,21/06/2015,11/11/2014,,,,,,,,
friends,OTHER,0.605000019,3591,5374,4214,Marching in spirit with my friends in France in the march against terror at the #UnityRally. An attack on one is an attack on all.,2223,2461,2306,29/06/2015,11/01/2015,,,,,,,,
freedom,OTHER,0.453333338,3606,5246,4179,Remembering and honoring the courageous men and women who sacrificed their lives in the fight for our country and our freedom.  #MemorialDay,1247,2194,1578,25/05/2015,11/11/2014,25/05/2014,,,,,,,
scholarship,OTHER,0.5,2943,5516,3842,"Thrilled to meet many talented developers, especially these winners of our student scholarship program. Enjoy #WWDC! http://t.co/2uVvc9vHnT",1631,2502,1935,08/06/2015,02/06/2014,,,,,,,,
talented,OTHER,0.5,2943,5516,3842,"Thrilled to meet many talented developers, especially these winners of our student scholarship program. Enjoy #WWDC! http://t.co/2uVvc9vHnT",1631,2502,1935,08/06/2015,02/06/2014,,,,,,,,
Martin Luther King,OTHER,0.265749991,3585,4116,3770,Dr. Martin Luther King delivered the speech of my lifetime 51 yrs ago today.We must recommit to achieving his vision. http://t.co/5BVStOF1a4,2622,2972,2744,19/01/2015,29/08/2014,,,,,,,,
drdre,OTHER,0,3650,3971,3762,Took the ALS #IceBucketChallenge with @michaelfranti at Apple. Challenge Bob Iger and @drdre. http://t.co/yc53yLofoA http://t.co/Tei0DwiefU,3650,3971,3762,15/08/2014,,,,,,,,,
http://t.co/yc53yLofoA,LINK,0,3650,3971,3762,Took the ALS #IceBucketChallenge with @michaelfranti at Apple. Challenge Bob Iger and @drdre. http://t.co/yc53yLofoA http://t.co/Tei0DwiefU,3650,3971,3762,15/08/2014,,,,,,,,,
#IceBucketChallenge,HASHTAG,0,3650,3971,3762,Took the ALS #IceBucketChallenge with @michaelfranti at Apple. Challenge Bob Iger and @drdre. http://t.co/yc53yLofoA http://t.co/Tei0DwiefU,3650,3971,3762,15/08/2014,,,,,,,,,
michaelfranti,OTHER,0,3650,3971,3762,Took the ALS #IceBucketChallenge with @michaelfranti at Apple. Challenge Bob Iger and @drdre. http://t.co/yc53yLofoA http://t.co/Tei0DwiefU,3650,3971,3762,15/08/2014,,,,,,,,,
http://t.co/iIHRXEwpfA,LINK,0,2982,4627,3556,"This Earth Day, and every day, we're committed to leaving the world better than we found it. http://t.co/iIHRXEwpfA http://t.co/SIyZVAeznL",1874,2811,2201,22/04/2015,20/04/2015,,,,,,,,
#IBM,HASHTAG,0,3680,2896,3405,Today Apple and IBM announced a landmark enterprise partnership.  Thanks Ginni!  #Apple #IBM http://t.co/0Rq48p7t7i,3680,2896,3405,16/07/2014,,,,,,,,,
http://t.co/0Rq48p7t7i,LINK,0,3680,2896,3405,Today Apple and IBM announced a landmark enterprise partnership.  Thanks Ginni!  #Apple #IBM http://t.co/0Rq48p7t7i,3680,2896,3405,16/07/2014,,,,,,,,,
IBM,OTHER,0,3680,2896,3405,Today Apple and IBM announced a landmark enterprise partnership.  Thanks Ginni!  #Apple #IBM http://t.co/0Rq48p7t7i,3680,2896,3405,16/07/2014,,,,,,,,,
landmark enterprise partnership,OTHER,0,3680,2896,3405,Today Apple and IBM announced a landmark enterprise partnership.  Thanks Ginni!  #Apple #IBM http://t.co/0Rq48p7t7i,3680,2896,3405,16/07/2014,,,,,,,,,
small part,OTHER,-0.108347997,2244,4894,3170,Grateful to be a small part of the Apple community. #HappyThanksgiving,1122,2447,1585,27/11/2014,27/11/2014,,,,,,,,
#HappyThanksgiving,HASHTAG,0.5,2244,4894,3170,Grateful to be a small part of the Apple community. #HappyThanksgiving,1122,2447,1585,27/11/2014,27/11/2014,,,,,,,,
iPhone 6 Plus,OTHER,0,2749,3933,3163,Thanks to all the new iPhone 6 and iPhone 6 Plus owners around the world! Had a great visit to our Palo Alto stores. http://t.co/XAxKLEQvjg,2749,3933,3163,19/09/2014,,,,,,,,,
http://t.co/XAxKLEQvjg,LINK,0,2749,3933,3163,Thanks to all the new iPhone 6 and iPhone 6 Plus owners around the world! Had a great visit to our Palo Alto stores. http://t.co/XAxKLEQvjg,2749,3933,3163,19/09/2014,,,,,,,,,
great visit,OTHER,0.600000024,2749,3933,3163,Thanks to all the new iPhone 6 and iPhone 6 Plus owners around the world! Had a great visit to our Palo Alto stores. http://t.co/XAxKLEQvjg,2749,3933,3163,19/09/2014,,,,,,,,,
Palo Alto,OTHER,0.600000024,2749,3933,3163,Thanks to all the new iPhone 6 and iPhone 6 Plus owners around the world! Had a great visit to our Palo Alto stores. http://t.co/XAxKLEQvjg,2749,3933,3163,19/09/2014,,,,,,,,,
#HappyNewYear,HASHTAG,1,2072,5186,3160,#HappyNewYear Everyone!  Spending the day with my nephew watching football  and creating my list of resolutions for 2015.,1036,2593,1580,01/01/2015,01/01/2015,,,,,,,,
OneRepublic,OTHER,0,2426,4089,3007,Getting psyched backstage listening to I Lived by @OneRepublic.,2062,3226,2469,09/03/2015,14/06/2014,,,,,,,,
Europe,OTHER,0.100000002,2804,3326,2986,Congratulations to this amazing team at the new Apple Store Puerta del Sol in Madrid. Our 101st store in Europe! http://t.co/QFr0GNV9FS,1956,2482,2140,06/08/2014,23/06/2014,,,,,,,,
Mac Pro,OTHER,0,2923,3016,2955,"Watching the Mac Pro come together in Austin yesterday,thanks to a team loaded with American manufacturing expertise. http://t.co/5LcCOFIVgC",2923,3016,2955,06/06/2014,,,,,,,,,
http://t.co/5LcCOFIVgC,LINK,0,2923,3016,2955,"Watching the Mac Pro come together in Austin yesterday,thanks to a team loaded with American manufacturing expertise. http://t.co/5LcCOFIVgC",2923,3016,2955,06/06/2014,,,,,,,,,
American manufacturing expertise,OTHER,0.49000001,2923,3016,2955,"Watching the Mac Pro come together in Austin yesterday,thanks to a team loaded with American manufacturing expertise. http://t.co/5LcCOFIVgC",2923,3016,2955,06/06/2014,,,,,,,,,
expertise,OTHER,0.49000001,2923,3016,2955,"Watching the Mac Pro come together in Austin yesterday,thanks to a team loaded with American manufacturing expertise. http://t.co/5LcCOFIVgC",2923,3016,2955,06/06/2014,,,,,,,,,
#MLK,HASHTAG,0,2802,3047,2887,"Timeless words from #MLK,  �Our lives begin to end the day we become silent about things that matter.�",1839,1903,1861,19/01/2015,19/01/2015,,,,,,,,
Honoring,OTHER,0.485000014,2423,3485,2794,"Honoring those who marched 50 years ago, and those who continue the fight for justice and equality today. #Selma50",1460,2341,1768,07/03/2015,19/01/2015,,,,,,,,
racism,OTHER,-0.49000001,2362,3568,2784,My thoughts are with the victim's families in SC.Let us honor their lives by eradicating racism &amp; removing the symbols &amp; words that feed it.,2362,3568,2784,21/06/2015,,,,,,,,,
eradicating racism,OTHER,-0.49000001,2362,3568,2784,My thoughts are with the victim's families in SC.Let us honor their lives by eradicating racism &amp; removing the symbols &amp; words that feed it.,2362,3568,2784,21/06/2015,,,,,,,,,
eradicating,OTHER,-0.49000001,2362,3568,2784,My thoughts are with the victim's families in SC.Let us honor their lives by eradicating racism &amp; removing the symbols &amp; words that feed it.,2362,3568,2784,21/06/2015,,,,,,,,,
victim,OTHER,-0.49000001,2362,3568,2784,My thoughts are with the victim's families in SC.Let us honor their lives by eradicating racism &amp; removing the symbols &amp; words that feed it.,2362,3568,2784,21/06/2015,,,,,,,,,
http://t.co/5BVStOF1a4,LINK,0,2622,2972,2744,Dr. Martin Luther King delivered the speech of my lifetime 51 yrs ago today.We must recommit to achieving his vision. http://t.co/5BVStOF1a4,2622,2972,2744,29/08/2014,,,,,,,,,
ago today,OTHER,0.265749991,2622,2972,2744,Dr. Martin Luther King delivered the speech of my lifetime 51 yrs ago today.We must recommit to achieving his vision. http://t.co/5BVStOF1a4,2622,2972,2744,29/08/2014,,,,,,,,,
achieving,OTHER,0.531499982,2622,2972,2744,Dr. Martin Luther King delivered the speech of my lifetime 51 yrs ago today.We must recommit to achieving his vision. http://t.co/5BVStOF1a4,2622,2972,2744,29/08/2014,,,,,,,,,
Celebrating,OTHER,0.574999988,2310,3364,2678,"AppleCheck it out! Celebrating the amazing, breathtaking photos of our customers shot on iPhone 6. http://t.co/J0HL5KEBLS",1494,1977,1663,02/03/2015,19/11/2014,,,,,,,,
courage,OTHER,0.75,2389,3189,2668,Today we honor the men and women who have sacrificed for our freedom.   We are deeply inspired by their courage and love of our country.,1298,1916,1514,11/11/2014,03/08/2014,,,,,,,,
Amazing view,OTHER,0.49000001,2185,3531,2656,Enjoying the beauty of #Yosemite after hiking to Glacier Point. Amazing view of Half Dome. Perfect OSX name. http://t.co/TP38dRIAz8,2185,3531,2656,25/06/2014,,,,,,,,,
#Yosemite,HASHTAG,0,2185,3531,2656,Enjoying the beauty of #Yosemite after hiking to Glacier Point. Amazing view of Half Dome. Perfect OSX name. http://t.co/TP38dRIAz8,2185,3531,2656,25/06/2014,,,,,,,,,
http://t.co/TP38dRIAz8,LINK,0,2185,3531,2656,Enjoying the beauty of #Yosemite after hiking to Glacier Point. Amazing view of Half Dome. Perfect OSX name. http://t.co/TP38dRIAz8,2185,3531,2656,25/06/2014,,,,,,,,,
Enjoying,OTHER,0.49000001,2185,3531,2656,Enjoying the beauty of #Yosemite after hiking to Glacier Point. Amazing view of Half Dome. Perfect OSX name. http://t.co/TP38dRIAz8,2185,3531,2656,25/06/2014,,,,,,,,,
beauty,OTHER,0.49000001,2185,3531,2656,Enjoying the beauty of #Yosemite after hiking to Glacier Point. Amazing view of Half Dome. Perfect OSX name. http://t.co/TP38dRIAz8,2185,3531,2656,25/06/2014,,,,,,,,,
14-Oct,OTHER,0,2830,2218,2615,Looking forward to this morning's event. Hope you can join us. Apple - Apple Events - Special Event October 2014 http://t.co/2Iudkgv8NW,2830,2218,2615,16/10/2014,,,,,,,,,
great time,OTHER,0.600000024,1716,4276,2612,Had a great time meeting customers and our team at the Apple Store Boylston St in Boston. Enjoy your Apple Watches! http://t.co/7AOGyCSW9i,858,2138,1306,17/06/2015,17/06/2015,,,,,,,,
http://t.co/AoiDZH1j9a,LINK,0,2563,2348,2487,Remembering Robin Williams.  Rest in Peace.  http://t.co/AoiDZH1j9a,2563,2348,2487,13/08/2014,,,,,,,,,
Peace,OTHER,0.519400001,2563,2348,2487,Remembering Robin Williams.  Rest in Peace.  http://t.co/AoiDZH1j9a,2563,2348,2487,13/08/2014,,,,,,,,,
Tokyo,OTHER,0.375,2483,2361,2439,A stunning new Apple Store opens Friday in Tokyo. Congratulations to our amazing team there! ???????????????.  http://t.co/yZMo7JlGGm,1835,1459,1703,13/06/2014,12/06/2014,,,,,,,,
#PresidentsDay,HASHTAG,0.245000005,2158,2679,2340,"Remembering Abraham Lincoln on #PresidentsDay, ""The best way to predict the future is to create it.""",2158,2679,2340,16/02/2015,,,,,,,,,
Abraham Lincoln,OTHER,0,2158,2679,2340,"Remembering Abraham Lincoln on #PresidentsDay, ""The best way to predict the future is to create it.""",2158,2679,2340,16/02/2015,,,,,,,,,
"""The best way to predict the future is to create it.""",OTHER,0.49000001,2158,2679,2340,"Remembering Abraham Lincoln on #PresidentsDay, ""The best way to predict the future is to create it.""",2158,2679,2340,16/02/2015,,,,,,,,,
progress,OTHER,0.622173965,1863,3187,2325,We're investing in renewable energy from Oregon to Sichuan. Read the latest on our progress at http://t.co/iIHRXEwpfA http://t.co/yNv6PfpGJN,1108,1816,1355,17/05/2015,20/04/2015,,,,,,,,
terror,OTHER,0.900000036,2223,2461,2306,Marching in spirit with my friends in France in the march against terror at the #UnityRally. An attack on one is an attack on all.,2223,2461,2306,11/01/2015,,,,,,,,,
attack,OTHER,-0.600000024,2223,2461,2306,Marching in spirit with my friends in France in the march against terror at the #UnityRally. An attack on one is an attack on all.,2223,2461,2306,11/01/2015,,,,,,,,,
France,OTHER,0.633333385,2223,2461,2306,Marching in spirit with my friends in France in the march against terror at the #UnityRally. An attack on one is an attack on all.,2223,2461,2306,11/01/2015,,,,,,,,,
http://t.co/qECVlXlYQZ,LINK,0,2501,1930,2301,"Welcome to the family---Jimmy, Dre, Luke, Ian and the entire beats team!http://t.co/qECVlXlYQZ",2501,1930,2301,01/08/2014,,,,,,,,,
http://t.co/SIyZVAeznL,LINK,0,1874,2811,2201,"This Earth Day, and every day, we're committed to leaving the world better than we found it. http://t.co/iIHRXEwpfA http://t.co/SIyZVAeznL",1874,2811,2201,22/04/2015,,,,,,,,,
ban,OTHER,-0.40744704,1979,2564,2183,I applaud @WhiteHouse decision to ban #LGBT discrimination at fed contractors. House must act on #ENDA.  A matter of basic human dignity.,1979,2564,2183,17/06/2014,,,,,,,,,
dignity,OTHER,0.379999995,1979,2564,2183,I applaud @WhiteHouse decision to ban #LGBT discrimination at fed contractors. House must act on #ENDA.  A matter of basic human dignity.,1979,2564,2183,17/06/2014,,,,,,,,,
#ENDA,HASHTAG,0,1979,2564,2183,I applaud @WhiteHouse decision to ban #LGBT discrimination at fed contractors. House must act on #ENDA.  A matter of basic human dignity.,1979,2564,2183,17/06/2014,,,,,,,,,
human dignity,OTHER,0.379999995,1979,2564,2183,I applaud @WhiteHouse decision to ban #LGBT discrimination at fed contractors. House must act on #ENDA.  A matter of basic human dignity.,1979,2564,2183,17/06/2014,,,,,,,,,
#LGBT,HASHTAG,-0.13581568,1979,2564,2183,I applaud @WhiteHouse decision to ban #LGBT discrimination at fed contractors. House must act on #ENDA.  A matter of basic human dignity.,1979,2564,2183,17/06/2014,,,,,,,,,
WhiteHouse,OTHER,-0.13581568,1979,2564,2183,I applaud @WhiteHouse decision to ban #LGBT discrimination at fed contractors. House must act on #ENDA.  A matter of basic human dignity.,1979,2564,2183,17/06/2014,,,,,,,,,
applaud,OTHER,0.49000001,1979,2564,2183,I applaud @WhiteHouse decision to ban #LGBT discrimination at fed contractors. House must act on #ENDA.  A matter of basic human dignity.,1979,2564,2183,17/06/2014,,,,,,,,,
Zhang Fan,OTHER,0.699999988,1769,2922,2172,"Great to meet talented people like Zhang Fan, who helps make iPhone 6 in Zhengzhou. An early highlight of this trip. http://t.co/ALo5d3SiSZ",1769,2922,2172,23/10/2014,,,,,,,,,
http://t.co/ALo5d3SiSZ,LINK,0,1769,2922,2172,"Great to meet talented people like Zhang Fan, who helps make iPhone 6 in Zhengzhou. An early highlight of this trip. http://t.co/ALo5d3SiSZ",1769,2922,2172,23/10/2014,,,,,,,,,
early highlight,OTHER,0.349999994,1769,2922,2172,"Great to meet talented people like Zhang Fan, who helps make iPhone 6 in Zhengzhou. An early highlight of this trip. http://t.co/ALo5d3SiSZ",1769,2922,2172,23/10/2014,,,,,,,,,
war gro�artig,OTHER,0,1545,3300,2159,Das war gro�artig! Ich liebe Deutschland! http://t.co/43pHDyg8iK,1545,3300,2159,25/02/2015,,,,,,,,,
http://t.co/43pHDyg8iK,LINK,0,1545,3300,2159,Das war gro�artig! Ich liebe Deutschland! http://t.co/43pHDyg8iK,1545,3300,2159,25/02/2015,,,,,,,,,
Madrid,OTHER,0,1956,2482,2140,Congratulations to this amazing team at the new Apple Store Puerta del Sol in Madrid. Our 101st store in Europe! http://t.co/QFr0GNV9FS,1956,2482,2140,23/06/2014,,,,,,,,,
Sol,OTHER,0,1956,2482,2140,Congratulations to this amazing team at the new Apple Store Puerta del Sol in Madrid. Our 101st store in Europe! http://t.co/QFr0GNV9FS,1956,2482,2140,23/06/2014,,,,,,,,,
http://t.co/QFr0GNV9FS,LINK,0,1956,2482,2140,Congratulations to this amazing team at the new Apple Store Puerta del Sol in Madrid. Our 101st store in Europe! http://t.co/QFr0GNV9FS,1956,2482,2140,23/06/2014,,,,,,,,,
101st store,OTHER,0.262499988,1956,2482,2140,Congratulations to this amazing team at the new Apple Store Puerta del Sol in Madrid. Our 101st store in Europe! http://t.co/QFr0GNV9FS,1956,2482,2140,23/06/2014,,,,,,,,,
Whole Foods,OTHER,0,1724,2854,2119,"Using Apple Pay at Whole Foods. Easy, Private, and Secure. http://t.co/Uzat5FNAHN",1724,2854,2119,17/11/2014,,,,,,,,,
http://t.co/Uzat5FNAHN,LINK,0,1724,2854,2119,"Using Apple Pay at Whole Foods. Easy, Private, and Secure. http://t.co/Uzat5FNAHN",1724,2854,2119,17/11/2014,,,,,,,,,
#justdoit,HASHTAG,0,2104,2096,2101,RT @Nike: They can predict everything but heart. #justdoit http://t.co/6YH45414YQ,2104,2096,2101,17/06/2014,,,,,,,,,
http://t.co/6YH45414YQ,LINK,0,2104,2096,2101,RT @Nike: They can predict everything but heart. #justdoit http://t.co/6YH45414YQ,2104,2096,2101,17/06/2014,,,,,,,,,
Nike,OTHER,0,2104,2096,2101,RT @Nike: They can predict everything but heart. #justdoit http://t.co/6YH45414YQ,2104,2096,2101,17/06/2014,,,,,,,,,
Happy Holidays,OTHER,0.600000009,1636,2736,2020,Happy Holidays from all of us at Apple!  Apple - From one gift come many http://t.co/7WY97Rb0ej,818,1368,1010,16/12/2014,16/12/2014,,,,,,,,
celebration,OTHER,0.801640034,1513,2913,2002,Thanks @Pharrell for an unforgettable Earth Day celebration! http://t.co/UT2zxbCBW9,952,1987,1314,23/04/2015,09/01/2015,,,,,,,,
http://t.co/Mx3M0DO4Qf,LINK,0,1536,2765,1966,Thrilled to see so many customers�all around the world�trying Apple Watch for the first time.You're going to love it! http://t.co/Mx3M0DO4Qf,1536,2765,1966,10/04/2015,,,,,,,,,
many customers,OTHER,0.32516101,1536,2765,1966,Thrilled to see so many customers�all around the world�trying Apple Watch for the first time.You're going to love it! http://t.co/Mx3M0DO4Qf,1536,2765,1966,10/04/2015,,,,,,,,,
http://t.co/EfPpaBXX3O,LINK,0,1677,2500,1965,"Very excited about iPad Air 2, the thinnest tablet in the world. We think our customers will love it. #iPadAir2 http://t.co/EfPpaBXX3O",1677,2500,1965,17/10/2014,,,,,,,,,
Very excited,OTHER,0.699999988,1677,2500,1965,"Very excited about iPad Air 2, the thinnest tablet in the world. We think our customers will love it. #iPadAir2 http://t.co/EfPpaBXX3O",1677,2500,1965,17/10/2014,,,,,,,,,
#iPadAir2,HASHTAG,0,1677,2500,1965,"Very excited about iPad Air 2, the thinnest tablet in the world. We think our customers will love it. #iPadAir2 http://t.co/EfPpaBXX3O",1677,2500,1965,17/10/2014,,,,,,,,,
#WWDC,HASHTAG,0,1631,2502,1935,"Thrilled to meet many talented developers, especially these winners of our student scholarship program. Enjoy #WWDC! http://t.co/2uVvc9vHnT",1631,2502,1935,02/06/2014,,,,,,,,,
student scholarship program,OTHER,0.5,1631,2502,1935,"Thrilled to meet many talented developers, especially these winners of our student scholarship program. Enjoy #WWDC! http://t.co/2uVvc9vHnT",1631,2502,1935,02/06/2014,,,,,,,,,
talented developers,OTHER,0.5,1631,2502,1935,"Thrilled to meet many talented developers, especially these winners of our student scholarship program. Enjoy #WWDC! http://t.co/2uVvc9vHnT",1631,2502,1935,02/06/2014,,,,,,,,,
http://t.co/2uVvc9vHnT,LINK,0,1631,2502,1935,"Thrilled to meet many talented developers, especially these winners of our student scholarship program. Enjoy #WWDC! http://t.co/2uVvc9vHnT",1631,2502,1935,02/06/2014,,,,,,,,,
http://t.co/2A9YD9z95B,LINK,0,1368,2913,1908,"Great to celebrate with over 8,000 Apple employees, friends and families. Happy Pride everyone! #applepride http://t.co/2A9YD9z95B",1368,2913,1908,29/06/2015,,,,,,,,,
impressed,OTHER,1,1312,3014,1907,I'm incredibly impressed by these talented student scholarship winners. See you all tomorrow at #WWDC15 http://t.co/LN1ZXmCqGf,1312,3014,1907,08/06/2015,,,,,,,,,
talented student scholarship winners,OTHER,0.480517238,1312,3014,1907,I'm incredibly impressed by these talented student scholarship winners. See you all tomorrow at #WWDC15 http://t.co/LN1ZXmCqGf,1312,3014,1907,08/06/2015,,,,,,,,,
http://t.co/LN1ZXmCqGf,LINK,0,1312,3014,1907,I'm incredibly impressed by these talented student scholarship winners. See you all tomorrow at #WWDC15 http://t.co/LN1ZXmCqGf,1312,3014,1907,08/06/2015,,,,,,,,,
incredibly impressed,OTHER,1,1312,3014,1907,I'm incredibly impressed by these talented student scholarship winners. See you all tomorrow at #WWDC15 http://t.co/LN1ZXmCqGf,1312,3014,1907,08/06/2015,,,,,,,,,
Timeless words,OTHER,0,1839,1903,1861,"Timeless words from #MLK,  �Our lives begin to end the day we become silent about things that matter.�",1839,1903,1861,19/01/2015,,,,,,,,,
�Our lives begin to end the day we become silent about things that matter.�,OTHER,0,1839,1903,1861,"Timeless words from #MLK,  �Our lives begin to end the day we become silent about things that matter.�",1839,1903,1861,19/01/2015,,,,,,,,,
#AppsforRED,HASHTAG,0,1726,2059,1841,Proud to announce our largest-ever World AIDS Day campaign. Join us in the fight and help save lives. http://t.co/QzjaL8hExI #AppsforRED,1373,1350,1364,02/12/2014,24/11/2014,,,,,,,,
tragic,OTHER,-0.75,1680,2134,1838,Our thoughts and prayers go out to everyone affected by the tragic earthquake in Nepal. Donate to the relief effort at #iTunes and #AppStore,1680,2134,1838,26/04/2015,,,,,,,,,
http://t.co/fTaMKzMi9o,LINK,0,1560,2357,1838,Our AppleCare team is the best in the world. Thrilled to see them in action yesterday on our new campus in Austin. http://t.co/fTaMKzMi9o,1560,2357,1838,06/06/2014,,,,,,,,,
Nepal,OTHER,-0.574999988,1680,2134,1838,Our thoughts and prayers go out to everyone affected by the tragic earthquake in Nepal. Donate to the relief effort at #iTunes and #AppStore,1680,2134,1838,26/04/2015,,,,,,,,,
AppleCare team,OTHER,0.533841133,1560,2357,1838,Our AppleCare team is the best in the world. Thrilled to see them in action yesterday on our new campus in Austin. http://t.co/fTaMKzMi9o,1560,2357,1838,06/06/2014,,,,,,,,,
earthquake,OTHER,-0.400000006,1680,2134,1838,Our thoughts and prayers go out to everyone affected by the tragic earthquake in Nepal. Donate to the relief effort at #iTunes and #AppStore,1680,2134,1838,26/04/2015,,,,,,,,,
relief effort,OTHER,-0.287499994,1680,2134,1838,Our thoughts and prayers go out to everyone affected by the tragic earthquake in Nepal. Donate to the relief effort at #iTunes and #AppStore,1680,2134,1838,26/04/2015,,,,,,,,,
action yesterday,OTHER,0.577682316,1560,2357,1838,Our AppleCare team is the best in the world. Thrilled to see them in action yesterday on our new campus in Austin. http://t.co/fTaMKzMi9o,1560,2357,1838,06/06/2014,,,,,,,,,
#AppStore,HASHTAG,0,1680,2134,1838,Our thoughts and prayers go out to everyone affected by the tragic earthquake in Nepal. Donate to the relief effort at #iTunes and #AppStore,1680,2134,1838,26/04/2015,,,,,,,,,
#iTunes,HASHTAG,0,1680,2134,1838,Our thoughts and prayers go out to everyone affected by the tragic earthquake in Nepal. Donate to the relief effort at #iTunes and #AppStore,1680,2134,1838,26/04/2015,,,,,,,,,
new campus,OTHER,0.643046975,1560,2357,1838,Our AppleCare team is the best in the world. Thrilled to see them in action yesterday on our new campus in Austin. http://t.co/fTaMKzMi9o,1560,2357,1838,06/06/2014,,,,,,,,,
tragic earthquake,OTHER,-0.574999988,1680,2134,1838,Our thoughts and prayers go out to everyone affected by the tragic earthquake in Nepal. Donate to the relief effort at #iTunes and #AppStore,1680,2134,1838,26/04/2015,,,,,,,,,
great company,OTHER,0.735000015,1514,2330,1798,Congratulations to @levie and the Box team on their IPO and for creating a great company!,757,1165,899,23/01/2015,23/01/2015,,,,,,,,
http://t.co/9HS86MlZTH,LINK,0,1460,2405,1790,Ol� S�o Paulo and parab�ns to our team at the new Apple Store Morumbi! http://t.co/9HS86MlZTH,1460,2405,1790,18/04/2015,,,,,,,,,
equality today,OTHER,0.042500004,1460,2341,1768,"Honoring those who marched 50 years ago, and those who continue the fight for justice and equality today. #Selma50",1460,2341,1768,07/03/2015,,,,,,,,,
#Selma50,HASHTAG,0,1460,2341,1768,"Honoring those who marched 50 years ago, and those who continue the fight for justice and equality today. #Selma50",1460,2341,1768,07/03/2015,,,,,,,,,
http://t.co/mgP8TEWlcA,LINK,0,1445,2194,1707,The Watch is coming and our team at Fifth Avenue is ready! http://t.co/mgP8TEWlcA,1445,2194,1707,08/04/2015,,,,,,,,,
Fifth Avenue,OTHER,0,1445,2194,1707,The Watch is coming and our team at Fifth Avenue is ready! http://t.co/mgP8TEWlcA,1445,2194,1707,08/04/2015,,,,,,,,,
Apple Store,OTHER,0.600000024,1835,1459,1703,A stunning new Apple Store opens Friday in Tokyo. Congratulations to our amazing team there! ???????????????.  http://t.co/yZMo7JlGGm,1835,1459,1703,12/06/2014,,,,,,,,,
stunning,OTHER,0.600000024,1835,1459,1703,A stunning new Apple Store opens Friday in Tokyo. Congratulations to our amazing team there! ???????????????.  http://t.co/yZMo7JlGGm,1835,1459,1703,12/06/2014,,,,,,,,,
http://t.co/yZMo7JlGGm,LINK,0,1835,1459,1703,A stunning new Apple Store opens Friday in Tokyo. Congratulations to our amazing team there! ???????????????.  http://t.co/yZMo7JlGGm,1835,1459,1703,12/06/2014,,,,,,,,,
innovative glass makers,OTHER,0.600000024,1316,2368,1684,Here's the last of 2400 giant panels for Apple Campus 2. Thanks to the innovative glass makers at seele in Augsburg! http://t.co/bZVe3dIGL0,1316,2368,1684,23/02/2015,,,,,,,,,
innovative,OTHER,1.200000048,1316,2368,1684,Here's the last of 2400 giant panels for Apple Campus 2. Thanks to the innovative glass makers at seele in Augsburg! http://t.co/bZVe3dIGL0,1316,2368,1684,23/02/2015,,,,,,,,,
http://t.co/bZVe3dIGL0,LINK,0,1316,2368,1684,Here's the last of 2400 giant panels for Apple Campus 2. Thanks to the innovative glass makers at seele in Augsburg! http://t.co/bZVe3dIGL0,1316,2368,1684,23/02/2015,,,,,,,,,
giant panels,OTHER,0.600000024,1316,2368,1684,Here's the last of 2400 giant panels for Apple Campus 2. Thanks to the innovative glass makers at seele in Augsburg! http://t.co/bZVe3dIGL0,1316,2368,1684,23/02/2015,,,,,,,,,
http://t.co/w7IWKAfEDP,LINK,0,1775,1484,1673,Inclusion inspires innovation.  Pride: http://t.co/w7IWKAfEDP via @YouTube,1775,1484,1673,08/07/2014,,,,,,,,,
YouTube,OTHER,0,1775,1484,1673,Inclusion inspires innovation.  Pride: http://t.co/w7IWKAfEDP via @YouTube,1775,1484,1673,08/07/2014,,,,,,,,,
http://t.co/J0HL5KEBLS,LINK,0,1494,1977,1663,"AppleCheck it out! Celebrating the amazing, breathtaking photos of our customers shot on iPhone 6. http://t.co/J0HL5KEBLS",1494,1977,1663,02/03/2015,,,,,,,,,
breathtaking photos,OTHER,0.49000001,1494,1977,1663,"AppleCheck it out! Celebrating the amazing, breathtaking photos of our customers shot on iPhone 6. http://t.co/J0HL5KEBLS",1494,1977,1663,02/03/2015,,,,,,,,,
breathtaking,OTHER,0.49000001,1494,1977,1663,"AppleCheck it out! Celebrating the amazing, breathtaking photos of our customers shot on iPhone 6. http://t.co/J0HL5KEBLS",1494,1977,1663,02/03/2015,,,,,,,,,
Grateful,OTHER,0.49000001,1122,2447,1585,Grateful to be a small part of the Apple community. #HappyThanksgiving,1122,2447,1585,27/11/2014,,,,,,,,,
watching football,OTHER,0.25,1036,2593,1580,#HappyNewYear Everyone!  Spending the day with my nephew watching football  and creating my list of resolutions for 2015.,1036,2593,1580,01/01/2015,,,,,,,,,
courageous men,OTHER,0.600000024,1247,2194,1578,Remembering and honoring the courageous men and women who sacrificed their lives in the fight for our country and our freedom.  #MemorialDay,1247,2194,1578,25/05/2015,,,,,,,,,
#MemorialDay,HASHTAG,0,1247,2194,1578,Remembering and honoring the courageous men and women who sacrificed their lives in the fight for our country and our freedom.  #MemorialDay,1247,2194,1578,25/05/2015,,,,,,,,,
courageous,OTHER,0.600000024,1247,2194,1578,Remembering and honoring the courageous men and women who sacrificed their lives in the fight for our country and our freedom.  #MemorialDay,1247,2194,1578,25/05/2015,,,,,,,,,
honoring,OTHER,0.485000014,1247,2194,1578,Remembering and honoring the courageous men and women who sacrificed their lives in the fight for our country and our freedom.  #MemorialDay,1247,2194,1578,25/05/2015,,,,,,,,,
CTurlington,OTHER,0,1030,2597,1577,"Congrats to @CTurlington! She smashed her personal record at the @LondonMarathon, finishing in 3:46:45. Inspiring! http://t.co/1qYjEy5klq",594,1527,920,27/04/2015,23/04/2015,,,,,,,,
LondonMarathon,OTHER,0,1030,2597,1577,"Congrats to @CTurlington! She smashed her personal record at the @LondonMarathon, finishing in 3:46:45. Inspiring! http://t.co/1qYjEy5klq",594,1527,920,27/04/2015,23/04/2015,,,,,,,,
Honored,OTHER,0.553749979,1132,2312,1544,Honored to host @RepJohnLewis at Apple today. His 50-year march for justice and equality inspires us. @MARCHTrilogy http://t.co/I5ye7OdIDi,590,1287,833,17/02/2015,21/08/2014,,,,,,,,
inspired,OTHER,1.134000063,1298,1916,1514,Today we honor the men and women who have sacrificed for our freedom.   We are deeply inspired by their courage and love of our country.,1298,1916,1514,11/11/2014,,,,,,,,,
#WorldAIDSDay,HASHTAG,0.150000006,1238,1964,1491,Apple stores around the world are RED today for #WorldAIDSDay. Great to visit in Georgetown with @RED CEO @debdugan http://t.co/Ogq2yNM5hp,885,1255,1014,02/12/2014,01/12/2014,,,,,,,,
popular,OTHER,-0.600000024,1391,1622,1471,#MLK:There comes a time when one must take a position that is neither safe nor politic nor popular but he must take it because..it is right.,1391,1622,1471,19/01/2015,,,,,,,,,
safe,OTHER,-0.600000024,1391,1622,1471,#MLK:There comes a time when one must take a position that is neither safe nor politic nor popular but he must take it because..it is right.,1391,1622,1471,19/01/2015,,,,,,,,,
neither safe,OTHER,-0.600000024,1391,1622,1471,#MLK:There comes a time when one must take a position that is neither safe nor politic nor popular but he must take it because..it is right.,1391,1622,1471,19/01/2015,,,,,,,,,
#MLK:There,HASHTAG,0,1391,1622,1471,#MLK:There comes a time when one must take a position that is neither safe nor politic nor popular but he must take it because..it is right.,1391,1622,1471,19/01/2015,,,,,,,,,
valuing security,OTHER,0.475000024,1004,2308,1460,"Running errands this afternoon and using #ApplePay. Thanks  @Walgreens, @WholeFoods, @Staples for valuing security, privacy, and simplicity.",1004,2308,1460,03/01/2015,,,,,,,,,
WholeFoods,OTHER,0.480000019,1004,2308,1460,"Running errands this afternoon and using #ApplePay. Thanks  @Walgreens, @WholeFoods, @Staples for valuing security, privacy, and simplicity.",1004,2308,1460,03/01/2015,,,,,,,,,
Staples,OTHER,0.480000019,1004,2308,1460,"Running errands this afternoon and using #ApplePay. Thanks  @Walgreens, @WholeFoods, @Staples for valuing security, privacy, and simplicity.",1004,2308,1460,03/01/2015,,,,,,,,,
Running errands,OTHER,0.24000001,1004,2308,1460,"Running errands this afternoon and using #ApplePay. Thanks  @Walgreens, @WholeFoods, @Staples for valuing security, privacy, and simplicity.",1004,2308,1460,03/01/2015,,,,,,,,,
simplicity,OTHER,0.49000001,1004,2308,1460,"Running errands this afternoon and using #ApplePay. Thanks  @Walgreens, @WholeFoods, @Staples for valuing security, privacy, and simplicity.",1004,2308,1460,03/01/2015,,,,,,,,,
#ApplePay,HASHTAG,0,1004,2308,1460,"Running errands this afternoon and using #ApplePay. Thanks  @Walgreens, @WholeFoods, @Staples for valuing security, privacy, and simplicity.",1004,2308,1460,03/01/2015,,,,,,,,,
Walgreens,OTHER,0,1004,2308,1460,"Running errands this afternoon and using #ApplePay. Thanks  @Walgreens, @WholeFoods, @Staples for valuing security, privacy, and simplicity.",1004,2308,1460,03/01/2015,,,,,,,,,
valuing,OTHER,0.450000018,1004,2308,1460,"Running errands this afternoon and using #ApplePay. Thanks  @Walgreens, @WholeFoods, @Staples for valuing security, privacy, and simplicity.",1004,2308,1460,03/01/2015,,,,,,,,,
security,OTHER,0.5,1004,2308,1460,"Running errands this afternoon and using #ApplePay. Thanks  @Walgreens, @WholeFoods, @Staples for valuing security, privacy, and simplicity.",1004,2308,1460,03/01/2015,,,,,,,,,
#AustinPride,HASHTAG,0,1077,2158,1455,A shout-out to 3000 Apple employees and their families marching in the #AustinPride parade! Inclusion inspires innovation. #applepride,1077,2158,1455,20/09/2014,,,,,,,,,
http://t.co/QzjaL8hExI,LINK,0,1373,1350,1364,Proud to announce our largest-ever World AIDS Day campaign. Join us in the fight and help save lives. http://t.co/QzjaL8hExI #AppsforRED,1373,1350,1364,24/11/2014,,,,,,,,,
save,OTHER,0.408958316,1373,1350,1364,Proud to announce our largest-ever World AIDS Day campaign. Join us in the fight and help save lives. http://t.co/QzjaL8hExI #AppsforRED,1373,1350,1364,24/11/2014,,,,,,,,,
latest,OTHER,-0.46154511,1108,1816,1355,We're investing in renewable energy from Oregon to Sichuan. Read the latest on our progress at http://t.co/iIHRXEwpfA http://t.co/yNv6PfpGJN,1108,1816,1355,20/04/2015,,,,,,,,,
http://t.co/yNv6PfpGJN,LINK,0,1108,1816,1355,We're investing in renewable energy from Oregon to Sichuan. Read the latest on our progress at http://t.co/iIHRXEwpfA http://t.co/yNv6PfpGJN,1108,1816,1355,20/04/2015,,,,,,,,,
renewable energy,OTHER,0.423999995,1108,1816,1355,We're investing in renewable energy from Oregon to Sichuan. Read the latest on our progress at http://t.co/iIHRXEwpfA http://t.co/yNv6PfpGJN,1108,1816,1355,20/04/2015,,,,,,,,,
http://t.co/SvZhQG6EKp,LINK,0,1237,1543,1344,Don't ever forget where you came from.  http://t.co/SvZhQG6EKp,1237,1543,1344,19/10/2014,,,,,,,,,
http://t.co/UT2zxbCBW9,LINK,0,952,1987,1314,Thanks @Pharrell for an unforgettable Earth Day celebration! http://t.co/UT2zxbCBW9,952,1987,1314,23/04/2015,,,,,,,,,
Pharrell,OTHER,1.095000029,952,1987,1314,Thanks @Pharrell for an unforgettable Earth Day celebration! http://t.co/UT2zxbCBW9,952,1987,1314,23/04/2015,,,,,,,,,
unforgettable,OTHER,1.210000038,952,1987,1314,Thanks @Pharrell for an unforgettable Earth Day celebration! http://t.co/UT2zxbCBW9,952,1987,1314,23/04/2015,,,,,,,,,
meeting customers,OTHER,0.695000052,858,2138,1306,Had a great time meeting customers and our team at the Apple Store Boylston St in Boston. Enjoy your Apple Watches! http://t.co/7AOGyCSW9i,858,2138,1306,17/06/2015,,,,,,,,,
http://t.co/7AOGyCSW9i,LINK,0,858,2138,1306,Had a great time meeting customers and our team at the Apple Store Boylston St in Boston. Enjoy your Apple Watches! http://t.co/7AOGyCSW9i,858,2138,1306,17/06/2015,,,,,,,,,
Boston,OTHER,0,858,2138,1306,Had a great time meeting customers and our team at the Apple Store Boylston St in Boston. Enjoy your Apple Watches! http://t.co/7AOGyCSW9i,858,2138,1306,17/06/2015,,,,,,,,,
Store Boylston St,OTHER,0,858,2138,1306,Had a great time meeting customers and our team at the Apple Store Boylston St in Boston. Enjoy your Apple Watches! http://t.co/7AOGyCSW9i,858,2138,1306,17/06/2015,,,,,,,,,
Enjoy,OTHER,0.980000019,858,2138,1306,Had a great time meeting customers and our team at the Apple Store Boylston St in Boston. Enjoy your Apple Watches! http://t.co/7AOGyCSW9i,858,2138,1306,17/06/2015,,,,,,,,,
never be,OTHER,-0.400000006,944,1633,1185,Heartbroken by the news of the passing of #BBKing.  He expressed what we felt like no one else. The thrill will never be gone. May he RIP.,944,1633,1185,15/05/2015,,,,,,,,,
thrill,OTHER,0.49000001,944,1633,1185,Heartbroken by the news of the passing of #BBKing.  He expressed what we felt like no one else. The thrill will never be gone. May he RIP.,944,1633,1185,15/05/2015,,,,,,,,,
#BBKing,HASHTAG,0,944,1633,1185,Heartbroken by the news of the passing of #BBKing.  He expressed what we felt like no one else. The thrill will never be gone. May he RIP.,944,1633,1185,15/05/2015,,,,,,,,,
powerful,OTHER,1.036800027,1091,1273,1154,Dreams. You're more powerful than you think. https://t.co/QAMrQH8454  Great examples of people who have the courage to pursue their dreams.,1091,1273,1154,03/08/2014,,,,,,,,,
https://t.co/QAMrQH8454,LINK,0,1091,1273,1154,Dreams. You're more powerful than you think. https://t.co/QAMrQH8454  Great examples of people who have the courage to pursue their dreams.,1091,1273,1154,03/08/2014,,,,,,,,,
Hope,OTHER,0.980000019,774,1820,1140,Hope you enjoy your new Apple Watch! https://t.co/CE6QJUnoQk,774,1820,1140,24/04/2015,,,,,,,,,
https://t.co/CE6QJUnoQk,LINK,0,774,1820,1140,Hope you enjoy your new Apple Watch! https://t.co/CE6QJUnoQk,774,1820,1140,24/04/2015,,,,,,,,,
enjoy,OTHER,0.980000019,774,1820,1140,Hope you enjoy your new Apple Watch! https://t.co/CE6QJUnoQk,774,1820,1140,24/04/2015,,,,,,,,,
Huge win,OTHER,0.320775867,871,1503,1092,Huge win for #Auburn!  Congratulations to @CoachGusMalzahn and all of the Auburn Tigers!  #WarEagle,871,1503,1092,02/11/2014,,,,,,,,,
CoachGusMalzahn,OTHER,0,871,1503,1092,Huge win for #Auburn!  Congratulations to @CoachGusMalzahn and all of the Auburn Tigers!  #WarEagle,871,1503,1092,02/11/2014,,,,,,,,,
#WarEagle,HASHTAG,0,871,1503,1092,Huge win for #Auburn!  Congratulations to @CoachGusMalzahn and all of the Auburn Tigers!  #WarEagle,871,1503,1092,02/11/2014,,,,,,,,,
#Auburn,HASHTAG,0.641551733,871,1503,1092,Huge win for #Auburn!  Congratulations to @CoachGusMalzahn and all of the Auburn Tigers!  #WarEagle,871,1503,1092,02/11/2014,,,,,,,,,
win,OTHER,0.88310349,871,1503,1092,Huge win for #Auburn!  Congratulations to @CoachGusMalzahn and all of the Auburn Tigers!  #WarEagle,871,1503,1092,02/11/2014,,,,,,,,,
Huge,OTHER,0.400000006,871,1503,1092,Huge win for #Auburn!  Congratulations to @CoachGusMalzahn and all of the Auburn Tigers!  #WarEagle,871,1503,1092,02/11/2014,,,,,,,,,
http://t.co/qLJa2yTqAw,LINK,0,1073,1043,1062,The Game Before The Game. The team at #Beats captures it perfectly. A must watch before #World Cup.  http://t.co/qLJa2yTqAw,1073,1043,1062,11/06/2014,,,,,,,,,
perfectly,OTHER,0.49000001,1073,1043,1062,The Game Before The Game. The team at #Beats captures it perfectly. A must watch before #World Cup.  http://t.co/qLJa2yTqAw,1073,1043,1062,11/06/2014,,,,,,,,,
#World,HASHTAG,0,1073,1043,1062,The Game Before The Game. The team at #Beats captures it perfectly. A must watch before #World Cup.  http://t.co/qLJa2yTqAw,1073,1043,1062,11/06/2014,,,,,,,,,
Starting Something,OTHER,0,844,1446,1054,"Starting Something New in Hangzhou, China! #AppleStoreWestLake http://t.co/8L5gVKfLjn",844,1446,1054,24/01/2015,,,,,,,,,
#AppleStoreWestLake,HASHTAG,0,844,1446,1054,"Starting Something New in Hangzhou, China! #AppleStoreWestLake http://t.co/8L5gVKfLjn",844,1446,1054,24/01/2015,,,,,,,,,
http://t.co/8L5gVKfLjn,LINK,0,844,1446,1054,"Starting Something New in Hangzhou, China! #AppleStoreWestLake http://t.co/8L5gVKfLjn",844,1446,1054,24/01/2015,,,,,,,,,
http://t.co/ngqL0bym8y,LINK,0,963,1144,1026,"Honoring the life and legacy of Dr. Martin Luther King, Jr.  #MLK Apple http://t.co/ngqL0bym8y",963,1144,1026,19/01/2015,,,,,,,,,
#4thofJuly,HASHTAG,1,923,1207,1022,"Happy #4thofJuly!Reflecting on our values: Equality,Liberty,Pursuit of Happiness with a Govt of, by, &amp; for the people http://t.co/pSJVp0ynxM",923,1207,1022,04/07/2014,,,,,,,,,
http://t.co/pSJVp0ynxM,LINK,0,923,1207,1022,"Happy #4thofJuly!Reflecting on our values: Equality,Liberty,Pursuit of Happiness with a Govt of, by, &amp; for the people http://t.co/pSJVp0ynxM",923,1207,1022,04/07/2014,,,,,,,,,
Happy,OTHER,1,923,1207,1022,"Happy #4thofJuly!Reflecting on our values: Equality,Liberty,Pursuit of Happiness with a Govt of, by, &amp; for the people http://t.co/pSJVp0ynxM",923,1207,1022,04/07/2014,,,,,,,,,
#CEI2015,HASHTAG,0,816,1387,1015,Celebrating another 100% score on the HRC's Corporate Equality Index - Apple's 13th in a row. Inclusion inspires innovation. #CEI2015,816,1387,1015,19/11/2014,,,,,,,,,
tim_cook,OTHER,0.150000006,717,1572,1015,RT @OneRepublic: 1963 Airstream mobile recording studio. Flanked by our busses....  Powered by @APPLE and @tim_cook #NativeSummerTour http:�,364,863,538,02/12/2014,14/06/2014,,,,,,,,
Georgetown,OTHER,0,885,1255,1014,Apple stores around the world are RED today for #WorldAIDSDay. Great to visit in Georgetown with @RED CEO @debdugan http://t.co/Ogq2yNM5hp,885,1255,1014,01/12/2014,,,,,,,,,
RED today,OTHER,0,885,1255,1014,Apple stores around the world are RED today for #WorldAIDSDay. Great to visit in Georgetown with @RED CEO @debdugan http://t.co/Ogq2yNM5hp,885,1255,1014,01/12/2014,,,,,,,,,
RED,OTHER,0,885,1255,1014,Apple stores around the world are RED today for #WorldAIDSDay. Great to visit in Georgetown with @RED CEO @debdugan http://t.co/Ogq2yNM5hp,885,1255,1014,01/12/2014,,,,,,,,,
CEO,OTHER,0,885,1255,1014,Apple stores around the world are RED today for #WorldAIDSDay. Great to visit in Georgetown with @RED CEO @debdugan http://t.co/Ogq2yNM5hp,885,1255,1014,01/12/2014,,,,,,,,,
http://t.co/7WY97Rb0ej,LINK,0,818,1368,1010,Happy Holidays from all of us at Apple!  Apple - From one gift come many http://t.co/7WY97Rb0ej,818,1368,1010,16/12/2014,,,,,,,,,
#CWNYC,HASHTAG,0,789,1392,1000,Proud to represent Apple at #CWNYC. The time for action on #climatechange is now.,789,1392,1000,22/09/2014,,,,,,,,,
#climatechange,HASHTAG,0,789,1392,1000,Proud to represent Apple at #CWNYC. The time for action on #climatechange is now.,789,1392,1000,22/09/2014,,,,,,,,,
record-breaking year,OTHER,-0.545000017,837,1268,987,We're proud to create 1M+ US jobs in all 50 states and ring in another record-breaking year for developers globally. http://t.co/kQeHQVCGou,837,1268,987,08/01/2015,,,,,,,,,
http://t.co/kQeHQVCGou,LINK,0,837,1268,987,We're proud to create 1M+ US jobs in all 50 states and ring in another record-breaking year for developers globally. http://t.co/kQeHQVCGou,837,1268,987,08/01/2015,,,,,,,,,
record-breaking,OTHER,-0.545000017,837,1268,987,We're proud to create 1M+ US jobs in all 50 states and ring in another record-breaking year for developers globally. http://t.co/kQeHQVCGou,837,1268,987,08/01/2015,,,,,,,,,
proud,OTHER,0.600000024,837,1268,987,We're proud to create 1M+ US jobs in all 50 states and ring in another record-breaking year for developers globally. http://t.co/kQeHQVCGou,837,1268,987,08/01/2015,,,,,,,,,
Great progress,OTHER,0.507391334,755,1371,970,Congratulations and thank you to the GWU Class of 2015. Great progress is possible! #GWCommencement,755,1371,970,17/05/2015,,,,,,,,,
Great,OTHER,1.200000048,755,1371,970,Congratulations and thank you to the GWU Class of 2015. Great progress is possible! #GWCommencement,755,1371,970,17/05/2015,,,,,,,,,
#GWCommencement,HASHTAG,0,755,1371,970,Congratulations and thank you to the GWU Class of 2015. Great progress is possible! #GWCommencement,755,1371,970,17/05/2015,,,,,,,,,
enterprising,OTHER,1.545600057,948,926,940,"Here come the most enterprising apps ever! IBM MobileFirst for iOS, Apple - Business - Mobile Enterprise Apps http://t.co/vXFs80nNwy",948,926,940,10/12/2014,,,,,,,,,
Apple - Business - Mobile,OTHER,0,948,926,940,"Here come the most enterprising apps ever! IBM MobileFirst for iOS, Apple - Business - Mobile Enterprise Apps http://t.co/vXFs80nNwy",948,926,940,10/12/2014,,,,,,,,,
enterprising apps,OTHER,0.643999994,948,926,940,"Here come the most enterprising apps ever! IBM MobileFirst for iOS, Apple - Business - Mobile Enterprise Apps http://t.co/vXFs80nNwy",948,926,940,10/12/2014,,,,,,,,,
http://t.co/vXFs80nNwy,LINK,0,948,926,940,"Here come the most enterprising apps ever! IBM MobileFirst for iOS, Apple - Business - Mobile Enterprise Apps http://t.co/vXFs80nNwy",948,926,940,10/12/2014,,,,,,,,,
personal record,OTHER,0,594,1527,920,"Congrats to @CTurlington! She smashed her personal record at the @LondonMarathon, finishing in 3:46:45. Inspiring! http://t.co/1qYjEy5klq",594,1527,920,27/04/2015,,,,,,,,,
http://t.co/1qYjEy5klq,LINK,0,594,1527,920,"Congrats to @CTurlington! She smashed her personal record at the @LondonMarathon, finishing in 3:46:45. Inspiring! http://t.co/1qYjEy5klq",594,1527,920,27/04/2015,,,,,,,,,
levie,OTHER,0.980000019,757,1165,899,Congratulations to @levie and the Box team on their IPO and for creating a great company!,757,1165,899,23/01/2015,,,,,,,,,
http://t.co/AzKjttCk93,LINK,0,848,844,846,Apple &amp; the App Store are having a huge impact on Europe's economy. Over 629K EU jobs created and many more to come. http://t.co/AzKjttCk93,848,844,846,06/08/2014,,,,,,,,,
huge impact,OTHER,0.200000003,848,844,846,Apple &amp; the App Store are having a huge impact on Europe's economy. Over 629K EU jobs created and many more to come. http://t.co/AzKjttCk93,848,844,846,06/08/2014,,,,,,,,,
#prayforpeace,HASHTAG,0.980000019,726,1064,844,"@Pontifex: Violence is not conquered by violence. Lord, send us the gift of peace. #prayforpeace  Amen!",363,532,422,09/08/2014,09/08/2014,,,,,,,,
app store revenue,OTHER,0.122500002,779,949,838,Thanks to our amazing developer community!  Apple says July was record-setting month for app store revenue http://t.co/BI8wFTTG5V,779,949,838,05/08/2014,,,,,,,,,
amazing developer community,OTHER,0.49000001,779,949,838,Thanks to our amazing developer community!  Apple says July was record-setting month for app store revenue http://t.co/BI8wFTTG5V,779,949,838,05/08/2014,,,,,,,,,
http://t.co/BI8wFTTG5V,LINK,0,779,949,838,Thanks to our amazing developer community!  Apple says July was record-setting month for app store revenue http://t.co/BI8wFTTG5V,779,949,838,05/08/2014,,,,,,,,,
record-setting month,OTHER,0.245000005,779,949,838,Thanks to our amazing developer community!  Apple says July was record-setting month for app store revenue http://t.co/BI8wFTTG5V,779,949,838,05/08/2014,,,,,,,,,
Awe-inspiring,OTHER,0.75,807,895,837,Shout out to the winners of the 2014 #iPhone Photography Awards!  Awe-inspiring. Check them out and be amazed. http://t.co/kixtaYdVFQ,807,895,837,14/06/2014,,,,,,,,,
#iPhone,HASHTAG,0,807,895,837,Shout out to the winners of the 2014 #iPhone Photography Awards!  Awe-inspiring. Check them out and be amazed. http://t.co/kixtaYdVFQ,807,895,837,14/06/2014,,,,,,,,,
http://t.co/kixtaYdVFQ,LINK,0,807,895,837,Shout out to the winners of the 2014 #iPhone Photography Awards!  Awe-inspiring. Check them out and be amazed. http://t.co/kixtaYdVFQ,807,895,837,14/06/2014,,,,,,,,,
be amazed,OTHER,-0.435000002,807,895,837,Shout out to the winners of the 2014 #iPhone Photography Awards!  Awe-inspiring. Check them out and be amazed. http://t.co/kixtaYdVFQ,807,895,837,14/06/2014,,,,,,,,,
year march,OTHER,0.678437531,590,1287,833,Honored to host @RepJohnLewis at Apple today. His 50-year march for justice and equality inspires us. @MARCHTrilogy http://t.co/I5ye7OdIDi,590,1287,833,17/02/2015,,,,,,,,,
MARCHTrilogy,OTHER,0,590,1287,833,Honored to host @RepJohnLewis at Apple today. His 50-year march for justice and equality inspires us. @MARCHTrilogy http://t.co/I5ye7OdIDi,590,1287,833,17/02/2015,,,,,,,,,
http://t.co/I5ye7OdIDi,LINK,0,590,1287,833,Honored to host @RepJohnLewis at Apple today. His 50-year march for justice and equality inspires us. @MARCHTrilogy http://t.co/I5ye7OdIDi,590,1287,833,17/02/2015,,,,,,,,,
RepJohnLewis,OTHER,0,590,1287,833,Honored to host @RepJohnLewis at Apple today. His 50-year march for justice and equality inspires us. @MARCHTrilogy http://t.co/I5ye7OdIDi,590,1287,833,17/02/2015,,,,,,,,,
Founding Fathers vision,OTHER,0.266499996,752,969,827,"On #HumanRightsDay, let us commit to our Founding Fathers vision, ""we hold these truths to be self evident, that all men are created equal"".",752,969,827,10/12/2014,,,,,,,,,
"""we hold these truths to be self evident that all men are created equal""",OTHER,0.399749994,752,969,827,"On #HumanRightsDay, let us commit to our Founding Fathers vision, ""we hold these truths to be self evident, that all men are created equal"".",752,969,827,10/12/2014,,,,,,,,,
#HumanRightsDay,HASHTAG,0,752,969,827,"On #HumanRightsDay, let us commit to our Founding Fathers vision, ""we hold these truths to be self evident, that all men are created equal"".",752,969,827,10/12/2014,,,,,,,,,
truths,OTHER,0.399499953,752,969,827,"On #HumanRightsDay, let us commit to our Founding Fathers vision, ""we hold these truths to be self evident, that all men are created equal"".",752,969,827,10/12/2014,,,,,,,,,
self evident,OTHER,0.400000006,752,969,827,"On #HumanRightsDay, let us commit to our Founding Fathers vision, ""we hold these truths to be self evident, that all men are created equal"".",752,969,827,10/12/2014,,,,,,,,,
Inspired,OTHER,0.600000024,625,1014,761,"Inspired by the students, teachers, and administrators at the 114 schools we're partnering with for ConnectED http://t.co/WTsQT0yAD4",625,1014,761,27/10/2014,,,,,,,,,
http://t.co/WTsQT0yAD4,LINK,0,625,1014,761,"Inspired by the students, teachers, and administrators at the 114 schools we're partnering with for ConnectED http://t.co/WTsQT0yAD4",625,1014,761,27/10/2014,,,,,,,,,
so many,OTHER,0.100000001,648,902,736,RT @AngelaAhrendts: What an incredible day in Tokyo. Wonderful to meet so many of our dedicated customers in our beautiful new store. http:�,648,902,736,13/06/2014,,,,,,,,,
beautiful,OTHER,0.75,648,902,736,RT @AngelaAhrendts: What an incredible day in Tokyo. Wonderful to meet so many of our dedicated customers in our beautiful new store. http:�,648,902,736,13/06/2014,,,,,,,,,
dedicated customers,OTHER,0.479166687,648,902,736,RT @AngelaAhrendts: What an incredible day in Tokyo. Wonderful to meet so many of our dedicated customers in our beautiful new store. http:�,648,902,736,13/06/2014,,,,,,,,,
incredible day,OTHER,0.75,648,902,736,RT @AngelaAhrendts: What an incredible day in Tokyo. Wonderful to meet so many of our dedicated customers in our beautiful new store. http:�,648,902,736,13/06/2014,,,,,,,,,
incredible,OTHER,0.75,648,902,736,RT @AngelaAhrendts: What an incredible day in Tokyo. Wonderful to meet so many of our dedicated customers in our beautiful new store. http:�,648,902,736,13/06/2014,,,,,,,,,
AngelaAhrendts,OTHER,0,648,902,736,RT @AngelaAhrendts: What an incredible day in Tokyo. Wonderful to meet so many of our dedicated customers in our beautiful new store. http:�,648,902,736,13/06/2014,,,,,,,,,
RepAnnaEshoo,OTHER,0.109975003,542,1025,711,"Honored to meet doctors &amp; Veterans with @RepAnnaEshoo at @VAPaloAlto, now using iPads to help treat Vets &amp; families. http://t.co/lOZwDT8KZu",542,1025,711,21/08/2014,,,,,,,,,
now using,OTHER,0.109975003,542,1025,711,"Honored to meet doctors &amp; Veterans with @RepAnnaEshoo at @VAPaloAlto, now using iPads to help treat Vets &amp; families. http://t.co/lOZwDT8KZu",542,1025,711,21/08/2014,,,,,,,,,
VAPaloAlto,OTHER,0.109975003,542,1025,711,"Honored to meet doctors &amp; Veterans with @RepAnnaEshoo at @VAPaloAlto, now using iPads to help treat Vets &amp; families. http://t.co/lOZwDT8KZu",542,1025,711,21/08/2014,,,,,,,,,
using iPads,OTHER,0.331862479,542,1025,711,"Honored to meet doctors &amp; Veterans with @RepAnnaEshoo at @VAPaloAlto, now using iPads to help treat Vets &amp; families. http://t.co/lOZwDT8KZu",542,1025,711,21/08/2014,,,,,,,,,
http://t.co/lOZwDT8KZu,LINK,0,542,1025,711,"Honored to meet doctors &amp; Veterans with @RepAnnaEshoo at @VAPaloAlto, now using iPads to help treat Vets &amp; families. http://t.co/lOZwDT8KZu",542,1025,711,21/08/2014,,,,,,,,,
http://t.co/vblxDgpSZm,LINK,0,643,829,708,Japan Post's new initiative has the power to improve care and quality of life for millions of seniors. http://t.co/vblxDgpSZm,643,829,708,30/04/2015,,,,,,,,,
quality,OTHER,0.49000001,643,829,708,Japan Post's new initiative has the power to improve care and quality of life for millions of seniors. http://t.co/vblxDgpSZm,643,829,708,30/04/2015,,,,,,,,,
new initiative,OTHER,0.672352016,643,829,708,Japan Post's new initiative has the power to improve care and quality of life for millions of seniors. http://t.co/vblxDgpSZm,643,829,708,30/04/2015,,,,,,,,,
improve,OTHER,0.49000001,643,829,708,Japan Post's new initiative has the power to improve care and quality of life for millions of seniors. http://t.co/vblxDgpSZm,643,829,708,30/04/2015,,,,,,,,,
https://t.co/InCGWKHT0Z,LINK,0,561,926,688,"In celebration of our customers, check out some of their amazing work:  Apple - Start Something New https://t.co/InCGWKHT0Z",561,926,688,09/01/2015,,,,,,,,,
amazing work,OTHER,0.49000001,561,926,688,"In celebration of our customers, check out some of their amazing work:  Apple - Start Something New https://t.co/InCGWKHT0Z",561,926,688,09/01/2015,,,,,,,,,
Best,OTHER,0.980000019,436,1070,657,"We'll be cheering for @CTurlington this Sunday during the @LondonMarathon. Best of luck, Christy! @EveryMomCounts http://t.co/VvlLRgPZFc",436,1070,657,23/04/2015,,,,,,,,,
luck,OTHER,1.079200029,436,1070,657,"We'll be cheering for @CTurlington this Sunday during the @LondonMarathon. Best of luck, Christy! @EveryMomCounts http://t.co/VvlLRgPZFc",436,1070,657,23/04/2015,,,,,,,,,
EveryMomCounts,OTHER,0,436,1070,657,"We'll be cheering for @CTurlington this Sunday during the @LondonMarathon. Best of luck, Christy! @EveryMomCounts http://t.co/VvlLRgPZFc",436,1070,657,23/04/2015,,,,,,,,,
http://t.co/VvlLRgPZFc,LINK,0,436,1070,657,"We'll be cheering for @CTurlington this Sunday during the @LondonMarathon. Best of luck, Christy! @EveryMomCounts http://t.co/VvlLRgPZFc",436,1070,657,23/04/2015,,,,,,,,,
cheering,OTHER,0.515274525,436,1070,657,"We'll be cheering for @CTurlington this Sunday during the @LondonMarathon. Best of luck, Christy! @EveryMomCounts http://t.co/VvlLRgPZFc",436,1070,657,23/04/2015,,,,,,,,,
https://t.co/n9SqC5vBEQ,LINK,0,422,916,594,Listening to one of the world's best bands on Sunday afternoon. iTunes Session by OneRepublic https://t.co/n9SqC5vBEQ,422,916,594,03/08/2014,,,,,,,,,
OneRepublic https,OTHER,0.122500002,422,916,594,Listening to one of the world's best bands on Sunday afternoon. iTunes Session by OneRepublic https://t.co/n9SqC5vBEQ,422,916,594,03/08/2014,,,,,,,,,
http://t.co/WBpwa17IXt,LINK,0,557,662,593,Join us for the #HourofCode. Create something. Apple Retail Store - Hour of Code Workshop http://t.co/WBpwa17IXt,557,662,593,08/12/2014,,,,,,,,,
#HourofCode,HASHTAG,0,557,662,593,Join us for the #HourofCode. Create something. Apple Retail Store - Hour of Code Workshop http://t.co/WBpwa17IXt,557,662,593,08/12/2014,,,,,,,,,
#NativeSummerTour,HASHTAG,0,364,863,538,RT @OneRepublic: 1963 Airstream mobile recording studio. Flanked by our busses....  Powered by @APPLE and @tim_cook #NativeSummerTour http:�,364,863,538,14/06/2014,,,,,,,,,
mobile recording studio,OTHER,0.245000005,364,863,538,RT @OneRepublic: 1963 Airstream mobile recording studio. Flanked by our busses....  Powered by @APPLE and @tim_cook #NativeSummerTour http:�,364,863,538,14/06/2014,,,,,,,,,
busses,OTHER,0.49000001,364,863,538,RT @OneRepublic: 1963 Airstream mobile recording studio. Flanked by our busses....  Powered by @APPLE and @tim_cook #NativeSummerTour http:�,364,863,538,14/06/2014,,,,,,,,,
APPLE,OTHER,0,364,863,538,RT @OneRepublic: 1963 Airstream mobile recording studio. Flanked by our busses....  Powered by @APPLE and @tim_cook #NativeSummerTour http:�,364,863,538,14/06/2014,,,,,,,,,
wins,OTHER,0.88310349,390,801,533,Congratulations to #Coach1K on becoming the first D-1 coach with 1000 wins! Historic and inspiring! @dukebasketball @dukeblueplanet,390,801,533,25/01/2015,,,,,,,,,
inspiring,OTHER,1.200000048,390,801,533,Congratulations to #Coach1K on becoming the first D-1 coach with 1000 wins! Historic and inspiring! @dukebasketball @dukeblueplanet,390,801,533,25/01/2015,,,,,,,,,
#Coach1K,HASHTAG,0.88310349,390,801,533,Congratulations to #Coach1K on becoming the first D-1 coach with 1000 wins! Historic and inspiring! @dukebasketball @dukeblueplanet,390,801,533,25/01/2015,,,,,,,,,
dukeblueplanet,OTHER,0,390,801,533,Congratulations to #Coach1K on becoming the first D-1 coach with 1000 wins! Historic and inspiring! @dukebasketball @dukeblueplanet,390,801,533,25/01/2015,,,,,,,,,
dukebasketball,OTHER,0,390,801,533,Congratulations to #Coach1K on becoming the first D-1 coach with 1000 wins! Historic and inspiring! @dukebasketball @dukeblueplanet,390,801,533,25/01/2015,,,,,,,,,
great cause,OTHER,0.600000024,429,723,531,Join me for lunch (and a keynote!) and help a great cause. @RFKHumanRights is working toward a more just world. https://t.co/QxaKne4itb,429,723,531,15/04/2015,,,,,,,,,
RFKHumanRights,OTHER,0,429,723,531,Join me for lunch (and a keynote!) and help a great cause. @RFKHumanRights is working toward a more just world. https://t.co/QxaKne4itb,429,723,531,15/04/2015,,,,,,,,,
https://t.co/QxaKne4itb,LINK,0,429,723,531,Join me for lunch (and a keynote!) and help a great cause. @RFKHumanRights is working toward a more just world. https://t.co/QxaKne4itb,429,723,531,15/04/2015,,,,,,,,,
Proud,OTHER,0.600000024,353,709,477,RT @debdugan: Proud to spend #WorldAIDSDay with @tim_cook here at Apple Georgetown. #ThankYouApple $75MM &amp; counting. #AppsforRED http://t.c�,353,709,477,02/12/2014,,,,,,,,,
debdugan,OTHER,0.600000024,353,709,477,RT @debdugan: Proud to spend #WorldAIDSDay with @tim_cook here at Apple Georgetown. #ThankYouApple $75MM &amp; counting. #AppsforRED http://t.c�,353,709,477,02/12/2014,,,,,,,,,
#ThankYouApple,HASHTAG,0,353,709,477,RT @debdugan: Proud to spend #WorldAIDSDay with @tim_cook here at Apple Georgetown. #ThankYouApple $75MM &amp; counting. #AppsforRED http://t.c�,353,709,477,02/12/2014,,,,,,,,,
Pontifex,OTHER,0,363,532,422,"@Pontifex: Violence is not conquered by violence. Lord, send us the gift of peace. #prayforpeace  Amen!",363,532,422,09/08/2014,,,,,,,,,
Lord,OTHER,0,363,532,422,"@Pontifex: Violence is not conquered by violence. Lord, send us the gift of peace. #prayforpeace  Amen!",363,532,422,09/08/2014,,,,,,,,,
violence,OTHER,0.600000024,363,532,422,"@Pontifex: Violence is not conquered by violence. Lord, send us the gift of peace. #prayforpeace  Amen!",363,532,422,09/08/2014,,,,,,,,,
