ID,Phrase,Phrase Sentiment,Phrase Sentiment +/-,Entity,Entity Type,Entity Sentiment,Theme,Theme Sentiment
9d4a15fc-f979-493a-804a-059a4be5e64b,Happy,1,positive, #applepride,Pattern,0.600000024,,
9d4a15fc-f979-493a-804a-059a4be5e64b,celebrate,0.600000024,positive,  http://t.co/2A9YD9z95B,Regex,0,,
9d4a15fc-f979-493a-804a-059a4be5e64b, #applepride,0.600000024,positive,,,,,
9d4a15fc-f979-493a-804a-059a4be5e64b,friends,0.550000012,positive,,,,,
208fecbf-f26a-42e7-9758-e0b91ed6b4dc,crazy,-0.5,negative,“The people who are crazy enough to think they can change the world are the ones who do.”,Quote,-0.5,,
899e7318-226a-4f49-b45e-e9e80869f27b,victory,0.75,positive,,,,,
899e7318-226a-4f49-b45e-e9e80869f27b,love,0.600000024,positive,,,,,
899e7318-226a-4f49-b45e-e9e80869f27b,perseverance,0.600000024,positive,,,,,
b72e9401-8faf-4143-b042-462b9f72e80b,victim,-0.49000001,negative,,,,eradicating racism,-0.49000001
b72e9401-8faf-4143-b042-462b9f72e80b,eradicating,-0.49000001,negative,,,,,
b72e9401-8faf-4143-b042-462b9f72e80b,racism,-0.49000001,negative,,,,,
b72e9401-8faf-4143-b042-462b9f72e80b,honor,0.531316638,positive,,,,,
f75053d8-ec90-43a0-b6a3-5de9cfd4947f,Enjoy,0.980000019,positive,Apple,Company,0.980000019,great time,0.600000024
f75053d8-ec90-43a0-b6a3-5de9cfd4947f,great time,0.600000024,positive,Store Boylston St,Place,0,meeting customers,0.695000052
f75053d8-ec90-43a0-b6a3-5de9cfd4947f,,,,Boston,Place,0,,
f75053d8-ec90-43a0-b6a3-5de9cfd4947f,,,,  http://t.co/7AOGyCSW9i,Regex,0,,
55559f02-7c44-48d2-9bb3-4db5162b62cf,,,, #WWDC15,Pattern,0,,
7e7ee254-9aaf-46fa-bfba-ba1c1049de15,impressed,1,positive, #WWDC15,Pattern,0,talented student scholarship winners,0.480517238
7e7ee254-9aaf-46fa-bfba-ba1c1049de15,talented,0.5,positive,  http://t.co/LN1ZXmCqGf,Regex,0,incredibly impressed,1
7e7ee254-9aaf-46fa-bfba-ba1c1049de15,scholarship,0.5,positive,,,,,
7e7ee254-9aaf-46fa-bfba-ba1c1049de15,winners,0.441551745,positive,,,,,
e3f52626-04c3-4e83-95f2-9492af1a4e53,freedom,0.680000007,positive, #MemorialDay,Pattern,0,courageous men,0.600000024
e3f52626-04c3-4e83-95f2-9492af1a4e53,courageous,0.600000024,positive,,,,,
e3f52626-04c3-4e83-95f2-9492af1a4e53,honoring,0.485000014,positive,,,,,
e3f52626-04c3-4e83-95f2-9492af1a4e53,fight,-0.400000006,negative,,,,,
21d28296-f327-4c14-b1e2-d314993dbcc8,Great,1.200000048,positive, #GWCommencement,Pattern,0,Great progress,0.507391334
21d28296-f327-4c14-b1e2-d314993dbcc8,progress,0.829565287,positive,,,,,
21d28296-f327-4c14-b1e2-d314993dbcc8,Congratulations,0.5,positive,,,,,
cee49da9-4c35-4618-8654-99f728be9c5e,Heartbroken,-0.672000051,negative, #BBKing,Pattern,0,,
cee49da9-4c35-4618-8654-99f728be9c5e,never be,-0.400000006,negative,,,,,
cee49da9-4c35-4618-8654-99f728be9c5e,thrill,0.49000001,positive,,,,,
67af1da3-b95c-4037-9d8e-0083904fb4c4,new initiative,0.672352016,positive,  http://t.co/vblxDgpSZm,Regex,0,,
67af1da3-b95c-4037-9d8e-0083904fb4c4,quality,0.49000001,positive,,,,,
67af1da3-b95c-4037-9d8e-0083904fb4c4,improve,0.49000001,positive,,,,,
67af1da3-b95c-4037-9d8e-0083904fb4c4,,,,,,,,
c161ac26-4282-4d36-847a-72f2209c7e42,,,, CTurlington,Person,0,personal record,0
c161ac26-4282-4d36-847a-72f2209c7e42,,,, LondonMarathon,Person,0,,
c161ac26-4282-4d36-847a-72f2209c7e42,,,,  http://t.co/1qYjEy5klq,Regex,0,,
bdc32da6-cf0b-4a2b-a336-ec4fc792bd5c,tragic,-0.75,negative,Nepal,Place,-0.574999988,tragic earthquake,-0.574999988
bdc32da6-cf0b-4a2b-a336-ec4fc792bd5c,earthquake,-0.400000006,negative, #iTunes,Pattern,0,relief effort,-0.287499994
bdc32da6-cf0b-4a2b-a336-ec4fc792bd5c,,,, #AppStore,Pattern,0,,
497a473b-8f84-492f-a410-94ecf63fe934,Hope,0.980000019,positive,https://t.co/CE6QJUnoQk,Regex,0,,
497a473b-8f84-492f-a410-94ecf63fe934,enjoy,0.980000019,positive,,,,,
691aeef2-9cdb-4866-acb5-2541d099b793,luck,1.079200029,positive, CTurlington,Person,0,,
691aeef2-9cdb-4866-acb5-2541d099b793,Best,0.980000019,positive, LondonMarathon,Person,0,,
691aeef2-9cdb-4866-acb5-2541d099b793,cheering,0.515274525,positive, EveryMomCounts,Person,0,,
691aeef2-9cdb-4866-acb5-2541d099b793,,,,  http://t.co/VvlLRgPZFc,Regex,0,,
b2dcfca9-5b86-4ffb-b462-702bc2e646b4,unforgettable,1.210000038,positive, Pharrell,Person,1.095000029,,
b2dcfca9-5b86-4ffb-b462-702bc2e646b4,celebration,0.980000019,positive,  http://t.co/UT2zxbCBW9,Regex,0,,
aead020d-a752-417b-a921-f4fca1476b5c,,,,  http://t.co/iIHRXEwpfA,Regex,0,,
aead020d-a752-417b-a921-f4fca1476b5c,,,,  http://t.co/SIyZVAeznL,Regex,0,,
8ea37b44-aabe-4809-b7a4-342bf8f338c6,renewable energy,0.423999995,positive,  http://t.co/iIHRXEwpfA,Regex,0,,
8ea37b44-aabe-4809-b7a4-342bf8f338c6,latest,-0.46154511,negative,  http://t.co/yNv6PfpGJN,Regex,0,,
8ea37b44-aabe-4809-b7a4-342bf8f338c6,progress,0.414782643,positive,,,,,
8ea37b44-aabe-4809-b7a4-342bf8f338c6,,,,,,,,
8ea37b44-aabe-4809-b7a4-342bf8f338c6,,,,,,,,
8ea37b44-aabe-4809-b7a4-342bf8f338c6,,,,,,,,
f4f3ceb8-87db-4fe4-a938-5ff42282f5f3,,,,  http://t.co/9HS86MlZTH,Regex,0,,
bda777ff-d871-45f1-bd01-a0de5c7a895c,great,0.720000029,positive, RFKHumanRights,Person,0,great cause,0.600000024
bda777ff-d871-45f1-bd01-a0de5c7a895c,,,,https://t.co/QxaKne4itb,Regex,0,,
800fae48-a033-44c1-8bdd-ff552f498cf3,love,1.200000048,positive,  http://t.co/Mx3M0DO4Qf,Regex,0,,
800fae48-a033-44c1-8bdd-ff552f498cf3,Thrilled,0.600000024,positive,,,,,
800fae48-a033-44c1-8bdd-ff552f498cf3,many customers,0.32516101,positive,,,,,
800fae48-a033-44c1-8bdd-ff552f498cf3,first time,0.152429,neutral,,,,,
8c6a8b0b-7cfb-4b25-ad11-0e01c8594640,,,,Fifth Avenue,Place,0,,
8c6a8b0b-7cfb-4b25-ad11-0e01c8594640,,,,  http://t.co/mgP8TEWlcA,Regex,0,,
d008c7fb-c6af-4db4-905d-e95397a91745,dangerous,-0.872200012,negative,  http://t.co/QJTkCuZVdo,Regex,0,,
16bab028-7914-415b-91c2-afa65b997053,love,0.600000024,positive,,,,,
16bab028-7914-415b-91c2-afa65b997053,,,,,,,,
16bab028-7914-415b-91c2-afa65b997053,,,,,,,,
16bab028-7914-415b-91c2-afa65b997053,,,,,,,,
16bab028-7914-415b-91c2-afa65b997053,,,,,,,,
16bab028-7914-415b-91c2-afa65b997053,,,,,,,,
16bab028-7914-415b-91c2-afa65b997053,,,,,,,,
16bab028-7914-415b-91c2-afa65b997053,,,,,,,,
16bab028-7914-415b-91c2-afa65b997053,,,,,,,,
390828ad-feed-4579-92ff-fa1b2860dd8f,disappointed,-0.926100016,negative,Apple,Company,-0.59297502,,
390828ad-feed-4579-92ff-fa1b2860dd8f,new law,-0.259849995,negative,Indiana,Place,-0.259849995,,
390828ad-feed-4579-92ff-fa1b2860dd8f,,,,Gov.,Job Title,-0.259849995,,
390828ad-feed-4579-92ff-fa1b2860dd8f,,,, #HB1228,Pattern,-0.259849995,,
435b37df-01d7-49ec-a393-7f840eeba549,talented team,0.699999988,positive,Apple,Company,0.699999988,talented team,0.699999988
435b37df-01d7-49ec-a393-7f840eeba549,huge,0.200000003,neutral,,,,,
3aebbeda-fea4-43c5-b48c-1fe4f518713d,,,, OneRepublic,Person,0,,
8eae80c3-9447-4aaa-8ed9-cff483c8bb30,,,,,,,extra rest,0
3aa0cde7-8d79-4699-b8b7-ee2a2a6c4366,Honoring,0.485000014,positive, #Selma50,Pattern,0,equality today,0.042500004
3aa0cde7-8d79-4699-b8b7-ee2a2a6c4366,fight,-0.400000006,negative,,,,,
e66fbfce-96c3-4071-a877-4f9c8adcd93d,Celebrating,0.574999988,positive,  http://t.co/J0HL5KEBLS,Regex,0,breathtaking photos,0.49000001
e66fbfce-96c3-4071-a877-4f9c8adcd93d,amazing,0.49000001,positive,,,,,
e66fbfce-96c3-4071-a877-4f9c8adcd93d,breathtaking,0.49000001,positive,,,,,
e66fbfce-96c3-4071-a877-4f9c8adcd93d,,,,,,,,
e66fbfce-96c3-4071-a877-4f9c8adcd93d,,,,,,,,
a06cda12-b8ea-4139-abf8-d3ffcb8867c9,,,,  http://t.co/43pHDyg8iK,Regex,0,war großartig,0
0c142f2b-5634-48d8-94db-ea0b3b784fe3,great,0.600000024,positive,Steve,Person,0,great work,0.600000024
0c142f2b-5634-48d8-94db-ea0b3b784fe3,love,0.600000024,positive,"""The only way to do great work is to love what you do.""",Quote,0.600000024,,
0c142f2b-5634-48d8-94db-ea0b3b784fe3,,,,  http://t.co/0YD0gZ7jvm,Regex,0,,
1ca29f13-0dec-4930-80a3-d4bc7cb2633e,innovative,1.200000048,positive,  http://t.co/bZVe3dIGL0,Regex,0,innovative glass makers,0.600000024
1ca29f13-0dec-4930-80a3-d4bc7cb2633e,,,,,,,giant panels,0.600000024
1ca29f13-0dec-4930-80a3-d4bc7cb2633e,,,,,,,,
1ca29f13-0dec-4930-80a3-d4bc7cb2633e,,,,,,,,
1ca29f13-0dec-4930-80a3-d4bc7cb2633e,,,,,,,,
1ca29f13-0dec-4930-80a3-d4bc7cb2633e,,,,,,,,
eee840d5-b766-4437-a280-edd6dbd642a5,inspires,0.720000029,positive, RepJohnLewis,Person,0,year march,0.678437531
eee840d5-b766-4437-a280-edd6dbd642a5,Honored,0.553749979,positive,Apple,Company,0,,
eee840d5-b766-4437-a280-edd6dbd642a5,,,, MARCHTrilogy,Person,0,,
eee840d5-b766-4437-a280-edd6dbd642a5,,,,  http://t.co/I5ye7OdIDi,Regex,0,,
2115d453-2904-4eaf-8ea5-7567c70d81b4,best,0.49000001,positive, #PresidentsDay,Pattern,0.245000005,,
2115d453-2904-4eaf-8ea5-7567c70d81b4,,,,Abraham Lincoln,Person,0,,
2115d453-2904-4eaf-8ea5-7567c70d81b4,,,,"""The best way to predict the future is to create it.""",Quote,0.49000001,,
e6324807-a321-4475-8aa9-42873510c06c,inspiring,1.200000048,positive, #Coach1K,Pattern,0.88310349,,
e6324807-a321-4475-8aa9-42873510c06c,Congratulations,1,positive, dukebasketball,Person,0,,
e6324807-a321-4475-8aa9-42873510c06c,wins,0.88310349,positive, dukeblueplanet,Person,0,,
4ae08cbc-2027-4247-92c3-6f05f1902b4b,,,, #AppleStoreWestLake,Pattern,0,Starting Something,0
4ae08cbc-2027-4247-92c3-6f05f1902b4b,,,,  http://t.co/8L5gVKfLjn,Regex,0,,
fdc2ae9d-9052-4b08-a15a-23cbf10ec780,Congratulations,1,positive, levie,Person,0.980000019,great company,0.49000001
fdc2ae9d-9052-4b08-a15a-23cbf10ec780,great company,0.980000019,positive,,,,,
54cad5d8-61e5-4d7c-8a81-73307389b192,,,, #MLK,Pattern,0,Timeless words,0
54cad5d8-61e5-4d7c-8a81-73307389b192,,,,“Our lives begin to end the day we become silent about things that matter.”,Quote,0,,
cb62f480-d9a4-40b9-bed5-530be8daf944,safe,-0.600000024,negative, #MLK:There,Pattern,0,neither safe,-0.600000024
cb62f480-d9a4-40b9-bed5-530be8daf944,popular,-0.600000024,negative,,,,,
c8d379ba-5f7b-4feb-b1ce-b018997a24d9,Honoring,0.485000014,positive,Martin Luther King,Person,0,,
c8d379ba-5f7b-4feb-b1ce-b018997a24d9,,,, #MLK,Pattern,0,,
c8d379ba-5f7b-4feb-b1ce-b018997a24d9,,,,  http://t.co/ngqL0bym8y,Regex,0,,
8503af6c-5b38-4ac7-b529-4607c44c59f2,terror,0.900000036,positive,France,Place,0.633333385,,
8503af6c-5b38-4ac7-b529-4607c44c59f2, #UnityRally,0.720000029,positive, #UnityRally,Pattern,0.633333385,,
8503af6c-5b38-4ac7-b529-4607c44c59f2,friends,0.660000026,positive,,,,,
8503af6c-5b38-4ac7-b529-4607c44c59f2,attack,-0.600000024,negative,,,,,
74b6a353-0747-4e52-9b43-070b7bed329d,celebration,0.623280048,positive,https://t.co/InCGWKHT0Z,Regex,0,amazing work,0.49000001
74b6a353-0747-4e52-9b43-070b7bed329d,amazing,0.588000059,positive,,,,,
e010c748-f9a9-4c89-aa17-69d3ebf4584d,proud,0.600000024,positive,  http://t.co/kQeHQVCGou,Regex,0,record-breaking year,-0.545000017
e010c748-f9a9-4c89-aa17-69d3ebf4584d,record-breaking,-0.545000017,negative,,,,,
f55f7598-97e4-45bd-8a85-9739f4da8031,security,0.5,positive, WholeFoods,Person,0.480000019,Running errands,0.24000001
f55f7598-97e4-45bd-8a85-9739f4da8031,simplicity,0.49000001,positive, Staples,Person,0.480000019,valuing security,0.475000024
f55f7598-97e4-45bd-8a85-9739f4da8031,valuing,0.450000018,positive, #ApplePay,Pattern,0,,
f55f7598-97e4-45bd-8a85-9739f4da8031,,,, Walgreens,Person,0,,
f73acae2-4a7a-4098-815c-da144c6ae093, #HappyNewYear,1,positive, #HappyNewYear,Pattern,1,watching football,0.25
80719c20-635b-42fa-a85e-4bfbe5d85ecb,Happy Holidays,0.800000012,positive,Apple,Company,0,Happy Holidays,0.400000006
80719c20-635b-42fa-a85e-4bfbe5d85ecb,,,,  http://t.co/7WY97Rb0ej,Regex,0,,
9b31a21f-0b9a-4e10-9528-279feb1cdd45,enterprising,1.545600057,positive,Apple - Business - Mobile,Product,0,enterprising apps,0.643999994
9b31a21f-0b9a-4e10-9528-279feb1cdd45,,,,  http://t.co/vXFs80nNwy,Regex,0,,
259dbc6c-7c5f-46ac-8fe4-a261d309c886,self evident,0.400000006,positive, #HumanRightsDay,Pattern,0,Founding Fathers vision,0.266499996
259dbc6c-7c5f-46ac-8fe4-a261d309c886,truths,0.399499953,positive,"""we hold these truths to be self evident that all men are created equal""",Quote,0.399749994,,
98bfa6c3-96e2-45e1-9572-55684a661e46,,,, #HourofCode,Pattern,0,,
98bfa6c3-96e2-45e1-9572-55684a661e46,,,,  http://t.co/WBpwa17IXt,Regex,0,,
60539355-515c-46ac-9f57-be1e1a2d7ca1,Proud,0.600000024,positive, debdugan,Person,0.600000024,,
60539355-515c-46ac-9f57-be1e1a2d7ca1,,,, #WorldAIDSDay,Pattern,0.300000012,,
60539355-515c-46ac-9f57-be1e1a2d7ca1,,,, tim_cook,Person,0.300000012,,
60539355-515c-46ac-9f57-be1e1a2d7ca1,,,, #ThankYouApple,Pattern,0,,
60539355-515c-46ac-9f57-be1e1a2d7ca1,,,, #AppsforRED,Pattern,0,,
bbd97089-26a3-4934-a97d-4b32058b891d,,,,Apple,Company,0,RED today,0
bbd97089-26a3-4934-a97d-4b32058b891d,,,, #WorldAIDSDay,Pattern,0,,
bbd97089-26a3-4934-a97d-4b32058b891d,,,,Georgetown,Place,0,,
bbd97089-26a3-4934-a97d-4b32058b891d,,,, RED,Person,0,,
bbd97089-26a3-4934-a97d-4b32058b891d,,,,CEO,Job Title,0,,
bbd97089-26a3-4934-a97d-4b32058b891d,,,,,,,,
bbd97089-26a3-4934-a97d-4b32058b891d,,,,,,,,
bbd97089-26a3-4934-a97d-4b32058b891d,,,,,,,,
8cbde525-18a7-4ada-a558-e0f4b38a1f96, #HappyThanksgiving,0.5,positive, #HappyThanksgiving,Pattern,0.5,small part,-0.108347997
8cbde525-18a7-4ada-a558-e0f4b38a1f96,Grateful,0.49000001,positive,,,,,
8cbde525-18a7-4ada-a558-e0f4b38a1f96,small part,-0.108347997,negative,,,,,
714afb62-90b0-4f25-815b-bc57e17f6b71,save,0.408958316,positive, #AppsforRED,Pattern,0,,
714afb62-90b0-4f25-815b-bc57e17f6b71,fight,-0.400000006,negative,  http://t.co/QzjaL8hExI,Regex,0,,
fce33924-c1ba-4577-bba4-6800190dcfd0,inspires,0.600000024,positive, #CEI2015,Pattern,0,,
fce33924-c1ba-4577-bba4-6800190dcfd0,Celebrating,0.574999988,positive,,,,,
fce33924-c1ba-4577-bba4-6800190dcfd0,innovation,0.49000001,positive,,,,,
f62529e2-d5d9-4d41-a26f-b0e7e6a31af8,,,,Whole Foods,Company,0,,
f62529e2-d5d9-4d41-a26f-b0e7e6a31af8,,,,  http://t.co/Uzat5FNAHN,Regex,0,,
5a389cf8-48cd-4fe0-a8aa-88a280d4a89f,inspired,1.134000063,positive,,,,,
5a389cf8-48cd-4fe0-a8aa-88a280d4a89f,courage,0.75,positive,,,,,
5a389cf8-48cd-4fe0-a8aa-88a280d4a89f,freedom,0.680000007,positive,,,,,
5a389cf8-48cd-4fe0-a8aa-88a280d4a89f,love,0.600000024,positive,,,,,
5a389cf8-48cd-4fe0-a8aa-88a280d4a89f,honor,0.531316638,positive,,,,,
f26775c4-6f70-4e9c-bd34-93762b2140d5,Congratulations,1,positive, #Auburn,Pattern,0.641551733,Huge win,0.320775867
f26775c4-6f70-4e9c-bd34-93762b2140d5,win,0.88310349,positive, CoachGusMalzahn,Person,0,,
f26775c4-6f70-4e9c-bd34-93762b2140d5,Huge,0.400000006,positive, #WarEagle,Pattern,0,,
b54e0c53-8f9e-471c-98ad-e200dde5530f,Inspired,0.600000024,positive,  http://t.co/WTsQT0yAD4,Regex,0,,
c6c9c63b-3432-40a5-bdba-ba754725c296,talented people,0.699999988,positive,Zhang Fan,Person,0.699999988,talented people,0.699999988
c6c9c63b-3432-40a5-bdba-ba754725c296,,,,  http://t.co/ALo5d3SiSZ,Regex,0,early highlight,0.349999994
0ad4ed6b-aa8c-4893-867f-b0ad0bbc988a,,,,  http://t.co/SvZhQG6EKp,Regex,0,,
3b7151a4-c663-431d-99e6-1ec74afd7fa1,Very excited,0.699999988,positive, #iPadAir2,Pattern,0,,
3b7151a4-c663-431d-99e6-1ec74afd7fa1,love,0.600000024,positive,  http://t.co/EfPpaBXX3O,Regex,0,,
aa589d7e-d6a3-4165-b7b7-dd5f0c6a20d5,laugh,0.49000001,positive,,,,,
8671c9e2-d4f1-4600-9848-d0be2980a89c,,,,14-Oct,Pattern,0,,
8671c9e2-d4f1-4600-9848-d0be2980a89c,,,,  http://t.co/2Iudkgv8NW,Regex,0,,
55bcdc98-e060-423e-acbd-f0c99347afb9,,,,SJ,Company,0,,
4e089ca2-ef11-4d84-bc69-da0416092e4a,trust,0.49000001,positive,SJ,Company,0.245000005,,
4e089ca2-ef11-4d84-bc69-da0416092e4a,,,,"""You have to trust in something – your gut destiny life karma whatever.""",Quote,0.49000001,,
a66554a0-d16f-423b-814a-2ad84f2ee863,Amazing,0.49000001,positive,Paris,Place,0.27621451,excited crowds today,0.400000006
a66554a0-d16f-423b-814a-2ad84f2ee863,excited,0.400000006,positive, coletteparis,Person,0.27621451,,
a66554a0-d16f-423b-814a-2ad84f2ee863,first time,0.152429,neutral,  http://t.co/YTqzbqSGhC,Regex,0,,
caa454ca-d29c-40fe-9071-69cf45f501e6,,,, #CWNYC,Pattern,0,,
caa454ca-d29c-40fe-9071-69cf45f501e6,,,, #climatechange,Pattern,0,,
2b5f0afa-0697-4b6c-bfa1-b5bbf9363699,inspires,0.600000024,positive, #applepride,Pattern,0.600000024,,
2b5f0afa-0697-4b6c-bfa1-b5bbf9363699, #applepride,0.600000024,positive, #AustinPride,Pattern,0,,
2b5f0afa-0697-4b6c-bfa1-b5bbf9363699,innovation,0.49000001,positive,,,,,
b9d37e0c-bb29-4d5a-ad55-c616ba654f88,great,0.600000024,positive,Palo Alto,Place,0.600000024,great visit,0.600000024
b9d37e0c-bb29-4d5a-ad55-c616ba654f88,,,,iPhone 6 Plus,Product,0,,
b9d37e0c-bb29-4d5a-ad55-c616ba654f88,,,,  http://t.co/XAxKLEQvjg,Regex,0,,
b9d37e0c-bb29-4d5a-ad55-c616ba654f88,,,,,,,,
b9d37e0c-bb29-4d5a-ad55-c616ba654f88,,,,,,,,
b9d37e0c-bb29-4d5a-ad55-c616ba654f88,,,,,,,,
ba49b4d6-fd2b-4b7d-873e-d9106c1aa959,,,,Apple,Company,0,,
59625d36-1b0f-4894-a704-cd17f90ea163,love,0.600000024,positive,,,,,
59625d36-1b0f-4894-a704-cd17f90ea163,amazing,0.49000001,positive,,,,,
2686dd18-b77e-48cc-9a43-d9ad713a9b91,great day,0.800000012,positive, #AppleLive,Pattern,0,great day,0.400000006
5adc2e4f-9202-49b5-b261-4193c2b1fbc8,Special Event,0.590730011,positive,  http://t.co/2Iudkgv8NW,Regex,0,Special Event,0.492275
5adc2e4f-9202-49b5-b261-4193c2b1fbc8,hope,0.49000001,positive,,,,,
79a854a5-d72a-4507-8ecd-09e178155397,achieving,0.531499982,positive,Martin Luther King,Person,0.531499982,ago today,0.265749991
79a854a5-d72a-4507-8ecd-09e178155397,,,,  http://t.co/5BVStOF1a4,Regex,0,,
ffca929d-0ffa-4069-89ea-664f8b087bcd,Honored,0.553749979,positive, RepAnnaEshoo,Person,0.109975003,using iPads,0.331862479
ffca929d-0ffa-4069-89ea-664f8b087bcd,now using,0.109975003,neutral, VAPaloAlto,Person,0.109975003,,
ffca929d-0ffa-4069-89ea-664f8b087bcd,,,,  http://t.co/lOZwDT8KZu,Regex,0,,
a242d454-5999-45f5-98ab-7e0a101cbcce,,,, #IceBucketChallenge,Pattern,0,,
a242d454-5999-45f5-98ab-7e0a101cbcce,,,, michaelfranti,Person,0,,
a242d454-5999-45f5-98ab-7e0a101cbcce,,,,Apple,Company,0,,
a242d454-5999-45f5-98ab-7e0a101cbcce,,,, drdre,Person,0,,
a242d454-5999-45f5-98ab-7e0a101cbcce,,,,  http://t.co/yc53yLofoA,Regex,0,,
44aa3aee-08fe-4b30-b662-f7d541760155,Peace,0.519400001,positive,Robin Williams,Person,0,,
44aa3aee-08fe-4b30-b662-f7d541760155,,,,  http://t.co/AoiDZH1j9a,Regex,0,,
431eabc4-418a-47eb-919c-a1515fbf1a55,great,0.600000024,positive,Robin Williams,Person,-0.294350028,incomparable talent,0.265649974
431eabc4-418a-47eb-919c-a1515fbf1a55,Heartbroken,-0.672000051,negative,,,,great human,0.600000024
431eabc4-418a-47eb-919c-a1515fbf1a55,talent,0.531299949,positive,,,,,
431eabc4-418a-47eb-919c-a1515fbf1a55,peace,0.519400001,positive,,,,,
8e7a63a0-7b6a-450d-a729-f03cfdf759fa, #prayforpeace,0.980000019,positive, #prayforpeace,Pattern,0.980000019,,
8e7a63a0-7b6a-450d-a729-f03cfdf759fa,violence,0.600000024,positive, Pontifex,Person,0,,
8e7a63a0-7b6a-450d-a729-f03cfdf759fa,peace,0.49000001,positive,Lord,Person,0,,
65819351-5721-4a98-b20a-ad012c85676b,huge,0.200000003,neutral,Europe,Place,0.200000003,huge impact,0.200000003
65819351-5721-4a98-b20a-ad012c85676b,,,,  http://t.co/AzKjttCk93,Regex,0,,
9fe1cbc6-5b9e-4c01-9b4f-19d661d26c62,amazing,0.980000019,positive,Apple,Company,0,amazing developer community,0.49000001
9fe1cbc6-5b9e-4c01-9b4f-19d661d26c62,,,,  http://t.co/BI8wFTTG5V,Regex,0,app store revenue,0.122500002
9fe1cbc6-5b9e-4c01-9b4f-19d661d26c62,,,,,,,record-setting month,0.245000005
5808584f-7d53-4143-888b-cab558d52706,best,0.49000001,positive,https://t.co/n9SqC5vBEQ,Regex,0,OneRepublic https,0.122500002
b7b750f1-e3ee-4d34-806b-63cf5b3a3bfa,powerful,1.036800027,positive,https://t.co/QAMrQH8454,Regex,0,,
b7b750f1-e3ee-4d34-806b-63cf5b3a3bfa,courage,0.75,positive,,,,,
8aca5789-c26b-459c-bc08-f9702ef4e206,,,,  http://t.co/qECVlXlYQZ,Regex,0,,
ebe909eb-b8e4-44e0-950e-78ac43f64b8e,,,,Apple,Company,0,landmark enterprise partnership,0
ebe909eb-b8e4-44e0-950e-78ac43f64b8e,,,,IBM,Company,0,,
ebe909eb-b8e4-44e0-950e-78ac43f64b8e,,,, #Apple,Pattern,0,,
ebe909eb-b8e4-44e0-950e-78ac43f64b8e,,,, #IBM,Pattern,0,,
ebe909eb-b8e4-44e0-950e-78ac43f64b8e,,,,  http://t.co/0Rq48p7t7i,Regex,0,,
bb8039b9-aa5a-4027-95b3-75b2cd050de6,inspires,0.600000024,positive, YouTube,Person,0,,
bb8039b9-aa5a-4027-95b3-75b2cd050de6,innovation,0.49000001,positive,  http://t.co/w7IWKAfEDP,Regex,0,,
b760d498-dde1-4d62-adfb-c8abfb6b50cc,Happy,1,positive, #4thofJuly,Pattern,1,,
b760d498-dde1-4d62-adfb-c8abfb6b50cc,,,,  http://t.co/pSJVp0ynxM,Regex,0,,
bbc2e1f8-4541-410d-8cf3-32d2861e0dd8,inspires,0.600000024,positive,  http://t.co/4DncX8F6fO,Regex,0,attended today,0.272500008
bbc2e1f8-4541-410d-8cf3-32d2861e0dd8,innovation,0.49000001,positive,,,,,
c395593b-2ef1-4acb-a4e8-1c6fb8b9e385,Enjoying,0.49000001,positive, #Yosemite,Pattern,0,Amazing view,0.49000001
c395593b-2ef1-4acb-a4e8-1c6fb8b9e385,beauty,0.49000001,positive,  http://t.co/TP38dRIAz8,Regex,0,,
c395593b-2ef1-4acb-a4e8-1c6fb8b9e385,Amazing,0.49000001,positive,,,,,
d464c518-94b0-4c61-904b-f8714d08ff7c,amazing team,0.550000012,positive,Sol,Person,0,amazing team,0.550000012
d464c518-94b0-4c61-904b-f8714d08ff7c,Congratulations,0.5,positive,Madrid,Place,0,101st store,0.262499988
d464c518-94b0-4c61-904b-f8714d08ff7c,,,,Europe,Place,0,,
d464c518-94b0-4c61-904b-f8714d08ff7c,,,,  http://t.co/QFr0GNV9FS,Regex,0,,
dedfc87c-e246-4120-a93f-68f5ead7cdc3,applaud,0.49000001,positive, WhiteHouse,Person,-0.13581568,human dignity,0.379999995
dedfc87c-e246-4120-a93f-68f5ead7cdc3,ban,-0.40744704,negative, #LGBT,Pattern,-0.13581568,,
dedfc87c-e246-4120-a93f-68f5ead7cdc3,dignity,0.379999995,positive, #ENDA,Pattern,0,,
98ebc58c-34ab-4935-b2f4-a08bda3701ba,,,, Nike,Person,0,,
98ebc58c-34ab-4935-b2f4-a08bda3701ba,,,, #justdoit,Pattern,0,,
98ebc58c-34ab-4935-b2f4-a08bda3701ba,,,,  http://t.co/6YH45414YQ,Regex,0,,
6207beca-4174-4b7f-9742-0b94bc0d911a,winners,0.88310349,positive, #iPhone,Pattern,0,,
6207beca-4174-4b7f-9742-0b94bc0d911a,Awe-inspiring,0.75,positive,  http://t.co/kixtaYdVFQ,Regex,0,,
6207beca-4174-4b7f-9742-0b94bc0d911a,be amazed,-0.435000002,negative,,,,,
6783218d-130f-4796-8095-2608414b8f52,busses,0.49000001,positive, OneRepublic,Person,0,mobile recording studio,0.245000005
6783218d-130f-4796-8095-2608414b8f52,,,, APPLE,Person,0,,
6783218d-130f-4796-8095-2608414b8f52,,,, tim_cook,Person,0,,
6783218d-130f-4796-8095-2608414b8f52,,,, #NativeSummerTour,Pattern,0,,
40784189-703d-4ae4-87ed-84b7316663fa,incredible,0.75,positive,Tokyo,Place,0.75,incredible day,0.75
40784189-703d-4ae4-87ed-84b7316663fa,beautiful,0.75,positive, AngelaAhrendts,Person,0,dedicated customers,0.479166687
40784189-703d-4ae4-87ed-84b7316663fa,so many,0.100000001,neutral,,,,,
21afd60e-6dfd-4321-b06d-6c9362e5a6f1,amazing team,1.100000024,positive,Apple Store,Company,0.600000024,amazing team,0.550000012
21afd60e-6dfd-4321-b06d-6c9362e5a6f1,Congratulations,1,positive,Tokyo,Place,0,,
21afd60e-6dfd-4321-b06d-6c9362e5a6f1,stunning,0.600000024,positive,  http://t.co/yZMo7JlGGm,Regex,0,,
eebab8f8-82de-4aca-a8a1-a21538fff912,perfectly,0.49000001,positive, #Beats,Pattern,0.49000001,,
eebab8f8-82de-4aca-a8a1-a21538fff912,,,, #World,Pattern,0,,
eebab8f8-82de-4aca-a8a1-a21538fff912,,,,  http://t.co/qLJa2yTqAw,Regex,0,,
dffe2808-ad03-4b17-a7aa-f59cc734d24e,new campus,0.643046975,positive,Austin,Place,0.643046975,AppleCare team,0.533841133
dffe2808-ad03-4b17-a7aa-f59cc734d24e,Thrilled,0.600000024,positive,  http://t.co/fTaMKzMi9o,Regex,0,action yesterday,0.577682316
dffe2808-ad03-4b17-a7aa-f59cc734d24e,best,0.49000001,positive,,,,,
d3372e56-0484-41f2-8a00-49b4873dc703,expertise,0.49000001,positive,Austin,Place,0.49000001,American manufacturing expertise,0.49000001
d3372e56-0484-41f2-8a00-49b4873dc703,,,,Mac Pro,Product,0,,
d3372e56-0484-41f2-8a00-49b4873dc703,,,,  http://t.co/5LcCOFIVgC,Regex,0,,
9d761c38-69be-4a38-9b71-ee94d824050d,Thrilled,0.600000024,positive, #WWDC,Pattern,0,student scholarship program,0.5
9d761c38-69be-4a38-9b71-ee94d824050d,talented,0.5,positive,  http://t.co/2uVvc9vHnT,Regex,0,talented developers,0.5
9d761c38-69be-4a38-9b71-ee94d824050d,scholarship,0.5,positive,,,,,
9d761c38-69be-4a38-9b71-ee94d824050d,winners,0.441551745,positive,,,,,
d0909be3-f0d7-4a6e-89c7-b1eee3b2d2aa,laugh,0.49000001,positive, cue,Person,0,,
d0909be3-f0d7-4a6e-89c7-b1eee3b2d2aa,Excited,0.400000006,positive, #Beats,Pattern,0,,
d0909be3-f0d7-4a6e-89c7-b1eee3b2d2aa,,,, #Apple,Pattern,0,,
d0909be3-f0d7-4a6e-89c7-b1eee3b2d2aa,,,,  http://t.co/ZwyWgHFwhO,Regex,0,,
67f9f7a8-5028-4075-8685-733206153208,freedom,0.680000007,positive, #MemorialDay,Pattern,0,courageous men,0.600000024
67f9f7a8-5028-4075-8685-733206153208,ultimate,0.67298609,positive,,,,ultimate sacrifice,0.67298609
67f9f7a8-5028-4075-8685-733206153208,courageous,0.600000024,positive,,,,,
67f9f7a8-5028-4075-8685-733206153208,love,0.600000024,positive,,,,,
67f9f7a8-5028-4075-8685-733206153208,honor,0.531316638,positive,,,,,
f23c09d6-d1e2-4e59-b8b6-da4a65f3ab9a,human rights,0.557539999,positive, rfkcenter,Person,1.072540045,VIP guest,0.515000045
f23c09d6-d1e2-4e59-b8b6-da4a65f3ab9a,VIP,0.515000045,positive, #RFKauction,Pattern,0,,
f23c09d6-d1e2-4e59-b8b6-da4a65f3ab9a,,,,https://t.co/02aONVPQM9,Regex,0,,
9aa30494-434e-49cd-a4e4-25947bbd3be4,powerful,1.036800027,positive,https://t.co/QAMrQH8454,Regex,0,,
d2b2a757-4ba9-4e85-b6b7-a3d98fb2bfc9,great,0.600000024,positive,Jack Johnson,Person,0.587499976,great team,0.600000024
d2b2a757-4ba9-4e85-b6b7-a3d98fb2bfc9,Celebrating,0.574999988,positive,Apple,Company,0.600000024,,
d2b2a757-4ba9-4e85-b6b7-a3d98fb2bfc9,,,,  http://t.co/J3IfmAUNth,Regex,0,,
700c0076-3b93-4133-8223-e9b1f929dae1,Happy,1,positive,“Better can't be better if it doesn't consider everything”,Quote,-0.300000012,,
700c0076-3b93-4133-8223-e9b1f929dae1,better,-0.300000012,negative,  http://t.co/154pgPqxYk,Regex,0,,
700c0076-3b93-4133-8223-e9b1f929dae1,,,,  http://t.co/udKZNEil3y,Regex,0,,
e735422d-5640-4364-a9c6-906b135e0ddc,proud,0.600000024,positive,  http://t.co/iHzF9rUnx1,Regex,0,,
e735422d-5640-4364-a9c6-906b135e0ddc,progress,0.414782643,positive,,,,,
c66f6a1f-3751-43ab-b9d2-8fc8179f0697,,,, SpeakerBoehner,Person,0,50th anniversary,0
c66f6a1f-3751-43ab-b9d2-8fc8179f0697,,,, GOPLeader,Person,0,,
c66f6a1f-3751-43ab-b9d2-8fc8179f0697,,,, NancyPelosi,Person,0,,
c66f6a1f-3751-43ab-b9d2-8fc8179f0697,,,, WhipHoyer,Person,0,,
d6865aa4-28a4-4538-80d4-2e7a7dc613a6,,,,"""We shall overcome""",Quote,0,50th anniversary,0
d6865aa4-28a4-4538-80d4-2e7a7dc613a6,,,,  http://t.co/hk1IdRHZjU,Regex,0,,
d6865aa4-28a4-4538-80d4-2e7a7dc613a6,,,,,,,,
29f482c9-2d5f-43b6-a594-626d46c4df7a,happy,1,positive, elsacollins,Person,0,,
29f482c9-2d5f-43b6-a594-626d46c4df7a,,,, RealSMG,Person,0,,
29f482c9-2d5f-43b6-a594-626d46c4df7a,,,, jasoncollins34,Person,0,,
7d159ba3-955a-484f-93e3-d2ba03328c40,,,,Istanbul,Place,0,Te?ekkür ederim,0
7d159ba3-955a-484f-93e3-d2ba03328c40,,,,Turkey,Place,0,,
7d159ba3-955a-484f-93e3-d2ba03328c40,,,,  http://t.co/4xD4A2X06c,Regex,0,,
ba347982-b045-4ddc-afa9-e96be6ba7d4e,Great news,1.019999981,positive, RED,Person,0.50999999,,
ba347982-b045-4ddc-afa9-e96be6ba7d4e,fight,-0.400000006,negative, #AIDS,Pattern,-0.400000006,,
ba347982-b045-4ddc-afa9-e96be6ba7d4e,,,,Apple,Company,0,,
0b6cc787-c7b9-4e33-85f7-09227b51c4d3,,,, #iPad,Pattern,0,,
0b6cc787-c7b9-4e33-85f7-09227b51c4d3,,,, AppStore,Person,0,,
0b6cc787-c7b9-4e33-85f7-09227b51c4d3,,,, satyanadella,Person,0,,
49971523-6b72-4ad4-abe0-36cbdba018cc,Amazing,0.980000019,positive, OneRepublic,Person,0,,
49971523-6b72-4ad4-abe0-36cbdba018cc,;),0.499500036,positive,iPhone,Product,0,,
49971523-6b72-4ad4-abe0-36cbdba018cc,,,,  http://t.co/QSqKO40VN5,Regex,0,,
bc029e02-87ed-4f44-bb56-06ca092e6fdf,proud,1.068000078,positive, dukeplanet,Person,1.068000078,,
bc029e02-87ed-4f44-bb56-06ca092e6fdf,luck,0.539600015,positive,Coach K,Person,0,,
bc029e02-87ed-4f44-bb56-06ca092e6fdf,Best,0.49000001,positive, #Duke,Pattern,0,,
bc029e02-87ed-4f44-bb56-06ca092e6fdf,,,, dukebasketball,Person,0,,
e6ad570f-d9b9-4637-85ad-5c5f08d303f7,,,, jimmyfallon,Person,0,cool app,0
e6ad570f-d9b9-4637-85ad-5c5f08d303f7,,,, billyjoel,Person,0,,
e6ad570f-d9b9-4637-85ad-5c5f08d303f7,,,,  http://t.co/dWlZr6Lsm6,Regex,0,,
abe30ab5-65b9-4307-a194-6b3597446e50,win,0.441551745,positive, Pat_Sullivan7,Person,0.441551745,,
abe30ab5-65b9-4307-a194-6b3597446e50,,,,Wade,Person,0.441551745,,
abe30ab5-65b9-4307-a194-6b3597446e50,,,, WakeUpAU,Person,0.441551745,,
abe30ab5-65b9-4307-a194-6b3597446e50,,,, AUTigerBaseball,Person,0.441551745,,
abe30ab5-65b9-4307-a194-6b3597446e50,,,, AUAlumniAssoc,Person,0.441551745,,
890876bb-ba25-47b1-b6a6-bf9dfef13c2a,,,,"""Details matter it's worth waiting to get it right.""",Quote,0,,
6920484d-fa60-422f-8936-a7aedce4a725,friend,0.660000026,positive,Steve,Person,0.642009497,,
6920484d-fa60-422f-8936-a7aedce4a725,loved,0.564999998,positive,"""Stay hungry Stay foolish""",Quote,-0.5,,
6920484d-fa60-422f-8936-a7aedce4a725,honor,0.531316638,positive,,,,,
6920484d-fa60-422f-8936-a7aedce4a725,so much,0.169018999,neutral,,,,,
6920484d-fa60-422f-8936-a7aedce4a725,foolish,-0.5,negative,,,,,
052d9d45-fd72-4f69-8c86-da1cf1c5bebc,proud,1.068000078,positive, #Coach,Pattern,1.068000078,,
052d9d45-fd72-4f69-8c86-da1cf1c5bebc,accept,0.270000011,positive,  http://t.co/uq7MffckAv,Regex,0,,
cc529836-d2f8-42da-9bf6-521b52233004,terrific,1.5,positive,Brazil,Place,1.5,terrific customers,0.75
cc529836-d2f8-42da-9bf6-521b52233004,,,,  http://t.co/3nFPxN4m3Y,Regex,0,,
ea49138a-2d87-4c4e-bf07-ad9a204022a3,proud,1.200000048,positive,Apple,Company,0.807391346,tremendously proud,1.200000048
ea49138a-2d87-4c4e-bf07-ad9a204022a3,progress,0.414782643,positive,  http://t.co/xXNZ78t08W,Regex,0,,
7fe1bc41-c2e7-4c73-ae46-1fea40c508d8,,,,Abraham,Person,0,timeless advice,0
7fe1bc41-c2e7-4c73-ae46-1fea40c508d8,,,, #Lincoln,Pattern,0,,
7fe1bc41-c2e7-4c73-ae46-1fea40c508d8,,,,"""I will prepare and someday my chance will come""",Quote,0,,
6f9ee2af-35a0-4d9c-835e-c866179029db,still seeking,0.300397009,positive,,,,,
a6aa7198-309a-442a-862f-54b7b5096664,great,1.440000057,positive, cue,Person,0,Great music,0.400000006
a6aa7198-309a-442a-862f-54b7b5096664,Great music,0.960000038,positive, U2,Person,0,great cause,0.600000024
a6aa7198-309a-442a-862f-54b7b5096664,,,,iTunes,Product,0,,
a6aa7198-309a-442a-862f-54b7b5096664,,,,BofA,Product,0,,
a6aa7198-309a-442a-862f-54b7b5096664,,,, RED,Person,0,,
38b6ce74-23ab-4546-b530-494f96266223,Happy,1,positive,  http://t.co/w1WhQEvn2i,Regex,0,Happy Birthday Mac,0.5
38b6ce74-23ab-4546-b530-494f96266223,,,,,,,liberal arts,0.25
11ceae15-2559-4cf0-9f47-a489feee62e9,Awesome,0.600000024,positive,,,,,
11ceae15-2559-4cf0-9f47-a489feee62e9,Celebrating,0.574999988,positive,,,,,
11ceae15-2559-4cf0-9f47-a489feee62e9,friends,0.550000012,positive,,,,,
9d495546-c36c-428f-b2a1-befadd24fad0,Happy,1,positive,  http://t.co/seLULo2cQ6,Regex,0,Happy Birthday Mac,0.5
9d495546-c36c-428f-b2a1-befadd24fad0,salute,0.449999988,positive,,,,,
9d495546-c36c-428f-b2a1-befadd24fad0,better,0.300000012,positive,,,,,
a034d55f-1eee-4baf-8142-f102679fa837,,,,"""The time is always right to do what is right""",Quote,0,Timeless advice,0
a034d55f-1eee-4baf-8142-f102679fa837,,,,,,,always right,0
6dcbe3d3-f434-47b5-8b73-f843d793de2c,,,,,,,true meaning,0
14a34f6c-d264-4324-804a-b5f29a90aaa5,,,,,,,urgent question,0
14a34f6c-d264-4324-804a-b5f29a90aaa5,,,,,,,true today,0
793b72a8-cf1c-40a7-831f-ac60be843f65,hero,0.74000001,positive,Martin Luther King,Person,0,lifelong hero,0.74000001
793b72a8-cf1c-40a7-831f-ac60be843f65,threat,-0.49000001,negative,"""Injustice anywhere is a threat to justice everywhere.""",Quote,-0.49000001,,
73b587bd-4d86-46d4-986a-e0d4dfb33978,,,,Beijing,Place,0,,
73b587bd-4d86-46d4-986a-e0d4dfb33978,,,,iPhone,Product,0,,
73b587bd-4d86-46d4-986a-e0d4dfb33978,,,,China Mobile,Company,0,,
73b587bd-4d86-46d4-986a-e0d4dfb33978,,,,  http://t.co/AqoqLbbeO7,Regex,0,,
d7f6386d-b6d6-44b3-88fb-f33bbc207b2a,recommend,0.660000026,positive,  http://t.co/8nyIRPQ21f,Regex,0,,
ae90f6e3-225a-48ac-8155-8f61736b2559,Congratulations,1,positive, #FSU,Pattern,0.5,,
ae90f6e3-225a-48ac-8155-8f61736b2559,,,, #BCS,Pattern,0,,
b735bf45-7305-4258-a2c1-cada58080018,proud,0.600000024,positive, CoachGusMalzahn,Person,0,wild ride,0.600000024
b735bf45-7305-4258-a2c1-cada58080018,love,0.600000024,positive, #Auburn,Pattern,0,,
ae839d0c-e0fc-409e-8f07-eb087ca96b66,Happy,1.200000048,positive,,,,Wishing everyone,0.667500019
ae839d0c-e0fc-409e-8f07-eb087ca96b66,best,0.49000001,positive,,,,,
cf285c1e-502c-4c7b-a7bb-c851f2d22576,powerful,0.966000021,positive,Austin,Place,0,,
cf285c1e-502c-4c7b-a7bb-c851f2d22576,,,,  http://t.co/Jrd1Gic3Ya,Regex,0,,
e2656925-eea1-407b-8158-c62eba777009,amazing,0.980000019,positive,  http://t.co/eonnck8cDF,Regex,0,Happy Holidays,0.400000006
e2656925-eea1-407b-8158-c62eba777009,Happy Holidays,0.800000012,positive,,,,amazing customers,0.49000001
beeb584f-e838-4948-8af9-d8cdf99d4a53,Honored,0.553749979,positive, #Apple,Pattern,0,12th year,0.276874989
beeb584f-e838-4948-8af9-d8cdf99d4a53,,,, #HRC,Pattern,0,,
beeb584f-e838-4948-8af9-d8cdf99d4a53,,,,  http://t.co/ERJbYBwV4f,Regex,0,,
c5cbdbf2-9962-41e1-b8cf-1a44e6c77d5b,championship game,0.400000006,positive,SEC,Company,0,championship game,0.400000006
c5cbdbf2-9962-41e1-b8cf-1a44e6c77d5b,,,,https://t.co/zmhL7aAYOI,Regex,0,,
6d164a86-cfbf-4658-966a-449e54164fd3,,,,"“ What counts in life is not the mere fact that we have lived. It is what difference we have made to the lives of others.....""",Quote,0,mere fact,0
4c09cf15-ae45-4793-be62-85d0c6ea800d,freedom,0.680000007,positive,Nelson Mandela,Person,0,Amazing human,0.49000001
4c09cf15-ae45-4793-be62-85d0c6ea800d,Amazing,0.49000001,positive,,,,human dignity,0.379999995
4c09cf15-ae45-4793-be62-85d0c6ea800d,dignity,0.379999995,positive,,,,,
67025aa4-3238-4bbb-8eab-c46b8d28ae12,achieve,0.49000001,positive,Apple,Company,0.49000001,logo red,0.245000005
67025aa4-3238-4bbb-8eab-c46b8d28ae12,,,, #World,Pattern,0,free generation,0.367500007
67025aa4-3238-4bbb-8eab-c46b8d28ae12,,,,  http://t.co/3kdx9UZr9f,Regex,0,,
a6f2bdb5-d836-433f-8f59-3914c54a4d06,proud,2.073600054,positive,https://t.co/G0ojg9Nyvm,Regex,0,,
0050299e-44e6-43f5-9e9f-ae671c2cf58b,,,, espn,Person,0,,
9c6b8522-54ff-4d54-918b-e75f7f47ec85,Happy,1,positive, #Thanksgiving,Pattern,0.363333344,amazing customers,0.49000001
9c6b8522-54ff-4d54-918b-e75f7f47ec85,fantastic,0.600000024,positive,,,,fantastic people,0.600000024
9c6b8522-54ff-4d54-918b-e75f7f47ec85,amazing,0.49000001,positive,,,,,
2822da75-7510-429d-a7c1-c0423fc935b8,proud,1.068000078,positive,https://t.co/3TooxRBg4a,Regex,0,,
3c8ef48a-f842-4f59-983d-4a2cb9ae783c,safe,0.600000024,positive, KerryKennedyRFK,Person,0,,
3c8ef48a-f842-4f59-983d-4a2cb9ae783c,,,,10-Jun-63,Pattern,0,,
3c8ef48a-f842-4f59-983d-4a2cb9ae783c,,,,“If we cannot end now our differences at least we can help make the world safe for diversity.”,Quote,0.600000024,,
b20e7a2c-ac17-4d91-baff-757682e328ed,problems,-0.49000001,negative, #JFK,Pattern,0,Timeless advice,-0.245000005
b20e7a2c-ac17-4d91-baff-757682e328ed,,,,"""Let both sides explore what problems unite us instead of belaboring those problems which divide us.""",Quote,-0.49000001,,
9db8d9e0-c7f2-42e8-8c6c-d7ca71214f86,,,, TheAUPlainsman,Person,0,,
9db8d9e0-c7f2-42e8-8c6c-d7ca71214f86,,,,Georgia,Place,0,,
6679dac4-eb63-41b7-adea-fcf5e6db6aff,supported,0.974814773,positive,  http://t.co/nXEhA9IKRf,Regex,0,,
7a7a037d-0eb9-4b3e-9063-a33f15f94f58,,,,,,,,
28315479-5175-4be4-b1f1-80bf6d5c9d34,,,,,,,,
2d28e58f-5d92-4c96-8001-7391397bdccd,great,1.200000048,positive,https://t.co/EJ2mpToVWV,Regex,0,great season,0.600000024
6dd1b3f8-7b0a-4c15-b522-7ce84e02d5d7,creativity,0.49000001,positive,Cupertino City Council,Company,0,,
6dd1b3f8-7b0a-4c15-b522-7ce84e02d5d7,innovation,0.49000001,positive,Apple,Company,0,,
7fb9975c-12c6-4f81-b7b9-87b401277ddb,proud,2.136000156,positive,AP,Company,0.300000012,,
7fb9975c-12c6-4f81-b7b9-87b401277ddb,top,0.300000012,positive,,,,,
322b51ee-ea69-4739-ae38-e2535d3209f4,friendship,0.588000059,positive,Steve,Person,-0.110000014,hike today,0.291000038
322b51ee-ea69-4739-ae38-e2535d3209f4,death,-0.600000024,negative,,,,,
1c8fce80-ffc4-410b-a4cb-2cce36990d27,fantastic,1.200000048,positive,,,,amazing customers,0.49000001
1c8fce80-ffc4-410b-a4cb-2cce36990d27,amazing,0.980000019,positive,,,,fantastic weekend,0.600000024
108b0e3c-3736-4d8f-ac7e-a5a4b38f4581,,,, ConanOBrien,Person,0,,
108b0e3c-3736-4d8f-ac7e-a5a4b38f4581,,,, #ApplePleaseSendMeAniPad,Pattern,0,,
376ba703-1905-45c4-8a5a-797efa907bf9,happy,0.5,positive,Palo Alto,Place,0.242937997,happy customers,0.5
376ba703-1905-45c4-8a5a-797efa907bf9,Retail Stores,0.242937997,positive,,,,,
376ba703-1905-45c4-8a5a-797efa907bf9,,,,,,,,
376ba703-1905-45c4-8a5a-797efa907bf9,,,,,,,,
376ba703-1905-45c4-8a5a-797efa907bf9,,,,,,,,
376ba703-1905-45c4-8a5a-797efa907bf9,,,,,,,,
376ba703-1905-45c4-8a5a-797efa907bf9,,,,,,,,
376ba703-1905-45c4-8a5a-797efa907bf9,,,,,,,,
376ba703-1905-45c4-8a5a-797efa907bf9,,,,,,,,
